description,region,composite_type,phase,start_date,end_date,scene_count,tiff_task_id,jpeg_task_id,tiff_drive_folder,jpeg_drive_folder,scale_m,crs,bands_tiff,bands_jpeg,export_timestamp
MON_Hasdeo_Full_2018_01_first_event,Hasdeo_Full,monthly,first_event,2018-01-01,2018-02-01,16,HYSASWRM3L5DLEYDH7XCU5Y2,F2PHRWE557FMSWZ7LUG2SBYK,Hasdeo_Dataset_300/GeoTIFF/monthly,Hasdeo_Dataset_300/JPEG/monthly,10,EPSG:32644,"B2,B3,B4,B8,B8A,B11,B12,SCL,NDVI,NDWI,NBR,EVI","B4,B3,B2 (RGB visualised)",2026-02-21T03:23:52.473346
MON_Hasdeo_Full_2018_02_first_event,Hasdeo_Full,monthly,first_event,2018-02-01,2018-03-01,3,P5EDVGOJAIVJO3KAII7M6EQ2,VOUSFOWJXTT5XS7LIH34DYN6,Hasdeo_Dataset_300/GeoTIFF/monthly,Hasdeo_Dataset_300/JPEG/monthly,10,EPSG:32644,"B2,B3,B4,B8,B8A,B11,B12,SCL,NDVI,NDWI,NBR,EVI","B4,B3,B2 (RGB visualised)",2026-02-21T03:23:56.413130
MON_Hasdeo_Full_2018_03_first_event,Hasdeo_Full,monthly,first_event,2018-03-01,2018-04-01,8,X6T3US523442RHUDK5BPYVBM,53ULXPPPRKK455G7L6CFK2SE,Hasdeo_Dataset_300/GeoTIFF/monthly,Hasdeo_Dataset_300/JPEG/monthly,10,EPSG:32644,"B2,B3,B4,B8,B8A,B11,B12,SCL,NDVI,NDWI,NBR,EVI","B4,B3,B2 (RGB visualised)",2026-02-21T03:24:01.427857
MON_Hasdeo_Full_2018_04_first_event,Hasdeo_Full,monthly,first_event,2018-04-01,2018-05-01,3,DKZAF6ATGHVDDAUUXZS32JIH,EDRMEHUIXG7RQCWYH76XC24J,Hasdeo_Dataset_300/GeoTIFF/monthly,Hasdeo_Dataset_300/JPEG/monthly,10,EPSG:32644,"B2,B3,B4,B8,B8A,B11,B12,SCL,NDVI,NDWI,NBR,EVI","B4,B3,B2 (RGB visualised)",2026-02-21T03:24:05.524164
MON_Hasdeo_Full_2018_10_first_event,Hasdeo_Full,monthly,first_event,2018-10-01,2018-11-01,1,URQ6F27MQXMPOG3JOH62IBPX,TCYVFMLWPK2UW2NKUGZWWSWJ,Hasdeo_Dataset_300/GeoTIFF/monthly,Hasdeo_Dataset_300/JPEG/monthly,10,EPSG:32644,"B2,B3,B4,B8,B8A,B11,B12,SCL,NDVI,NDWI,NBR,EVI","B4,B3,B2 (RGB visualised)",2026-02-21T03:24:20.372189
MON_Hasdeo_Full_2018_11_first_event,Hasdeo_Full,monthly,first_event,2018-11-01,2018-12-01,12,IAUQLZZQKBAZCPS4XSTAYRGE,BCWHKCI4R4VLP6EPDOL27SN3,Hasdeo_Dataset_300/GeoTIFF/monthly,Hasdeo_Dataset_300/JPEG/monthly,10,EPSG:32644,"B2,B3,B4,B8,B8A,B11,B12,SCL,NDVI,NDWI,NBR,EVI","B4,B3,B2 (RGB visualised)",2026-02-21T03:24:25.596434
MON_Hasdeo_Full_2018_12_first_event,Hasdeo_Full,monthly,first_event,2018-12-01,2019-01-01,10,3IR3HM2VLJQMAYS7FYUGP7MF,YZOTL3VESU3SNTJBXUCV2ZPG,Hasdeo_Dataset_300/GeoTIFF/monthly,Hasdeo_Dataset_300/JPEG/monthly,10,EPSG:32644,"B2,B3,B4,B8,B8A,B11,B12,SCL,NDVI,NDWI,NBR,EVI","B4,B3,B2 (RGB visualised)",2026-02-21T03:24:30.506081
MON_Hasdeo_Full_2019_01_first_event,Hasdeo_Full,monthly,first_event,2019-01-01,2019-02-01,24,CRL2ODTZ3EWUWLDR2XU6ESBA,C5DGC66HLZU7UWZI7KDX4AZM,Hasdeo_Dataset_300/GeoTIFF/monthly,Hasdeo_Dataset_300/JPEG/monthly,10,EPSG:32644,"B2,B3,B4,B8,B8A,B11,B12,SCL,NDVI,NDWI,NBR,EVI","B4,B3,B2 (RGB visualised)",2026-02-21T03:24:33.402343
MON_Hasdeo_Full_2019_02_first_event,Hasdeo_Full,monthly,first_event,2019-02-01,2019-03-01,15,OE4VTOWQBPNVKM37QXRG72PG,SYG3YRLXHXOKPHL5S6EL5TZT,Hasdeo_Dataset_300/GeoTIFF/monthly,Hasdeo_Dataset_300/JPEG/monthly,10,EPSG:32644,"B2,B3,B4,B8,B8A,B11,B12,SCL,NDVI,NDWI,NBR,EVI","B4,B3,B2 (RGB visualised)",2026-02-21T03:24:37.476776
MON_Hasdeo_Full_2019_03_first_event,Hasdeo_Full,monthly,first_event,2019-03-01,2019-04-01,22,NVWNBTDLKNEXCKCCQOTRMMFG,AZSX2UMQFEZYO3KK4JURS3N2,Hasdeo_Dataset_300/GeoTIFF/monthly,Hasdeo_Dataset_300/JPEG/monthly,10,EPSG:32644,"B2,B3,B4,B8,B8A,B11,B12,SCL,NDVI,NDWI,NBR,EVI","B4,B3,B2 (RGB visualised)",2026-02-21T03:24:41.876891
MON_Hasdeo_Full_2019_04_first_event,Hasdeo_Full,monthly,first_event,2019-04-01,2019-05-01,16,ITOKB3J47DYR3IBBKEISIE5W,7O4Q22KBXO74DIWXGABVOM6T,Hasdeo_Dataset_300/GeoTIFF/monthly,Hasdeo_Dataset_300/JPEG/monthly,10,EPSG:32644,"B2,B3,B4,B8,B8A,B11,B12,SCL,NDVI,NDWI,NBR,EVI","B4,B3,B2 (RGB visualised)",2026-02-21T03:24:46.792305
MON_Hasdeo_Full_2019_05_first_event,Hasdeo_Full,monthly,first_event,2019-05-01,2019-06-01,24,5YPXL4ZUJZVD2VF5RLS2CCEN,PTX5QV6TSJ5U3ILGYGWHFYRJ,Hasdeo_Dataset_300/GeoTIFF/monthly,Hasdeo_Dataset_300/JPEG/monthly,10,EPSG:32644,"B2,B3,B4,B8,B8A,B11,B12,SCL,NDVI,NDWI,NBR,EVI","B4,B3,B2 (RGB visualised)",2026-02-21T03:24:50.785920
MON_Hasdeo_Full_2019_06_first_event,Hasdeo_Full,monthly,first_event,2019-06-01,2019-07-01,8,2RSOPK3FFS3PWA26JHIPGJ43,2ZWEBRCB774EF3OFPKC5QC63,Hasdeo_Dataset_300/GeoTIFF/monthly,Hasdeo_Dataset_300/JPEG/monthly,10,EPSG:32644,"B2,B3,B4,B8,B8A,B11,B12,SCL,NDVI,NDWI,NBR,EVI","B4,B3,B2 (RGB visualised)",2026-02-21T03:24:56.112462
MON_Hasdeo_Full_2019_10_first_event,Hasdeo_Full,monthly,first_event,2019-10-01,2019-11-01,6,RYLHF76MEU3IBBX6NYPSZI2X,JG3RDAZWGAREELZPSQOVAC26,Hasdeo_Dataset_300/GeoTIFF/monthly,Hasdeo_Dataset_300/JPEG/monthly,10,EPSG:32644,"B2,B3,B4,B8,B8A,B11,B12,SCL,NDVI,NDWI,NBR,EVI","B4,B3,B2 (RGB visualised)",2026-02-21T03:25:03.269610
MON_Hasdeo_Full_2019_11_first_event,Hasdeo_Full,monthly,first_event,2019-11-01,2019-12-01,22,3PCYH3W63GXHLXBRPIEP5JAE,VHEAC7YN7DJCFU4ELRVCVYTH,Hasdeo_Dataset_300/GeoTIFF/monthly,Hasdeo_Dataset_300/JPEG/monthly,10,EPSG:32644,"B2,B3,B4,B8,B8A,B11,B12,SCL,NDVI,NDWI,NBR,EVI","B4,B3,B2 (RGB visualised)",2026-02-21T03:25:08.228199
MON_Hasdeo_Full_2019_12_first_event,Hasdeo_Full,monthly,first_event,2019-12-01,2020-01-01,14,AICA7YHLB7LUNRBADKS6XK57,2T2CLKHOVX6CD4TJECHO3KAG,Hasdeo_Dataset_300/GeoTIFF/monthly,Hasdeo_Dataset_300/JPEG/monthly,10,EPSG:32644,"B2,B3,B4,B8,B8A,B11,B12,SCL,NDVI,NDWI,NBR,EVI","B4,B3,B2 (RGB visualised)",2026-02-21T03:25:12.907871
MON_Hasdeo_Full_2020_01_first_event,Hasdeo_Full,monthly,first_event,2020-01-01,2020-02-01,24,Z5BUSYWCDZ6FPSM2HD3CUJVI,NTY3LWT6XMCBZKNXEVQWGIJL,Hasdeo_Dataset_300/GeoTIFF/monthly,Hasdeo_Dataset_300/JPEG/monthly,10,EPSG:32644,"B2,B3,B4,B8,B8A,B11,B12,SCL,NDVI,NDWI,NBR,EVI","B4,B3,B2 (RGB visualised)",2026-02-21T03:25:16.169673
MON_Hasdeo_Full_2020_02_first_event,Hasdeo_Full,monthly,first_event,2020-02-01,2020-03-01,9,CY47FLGEFE2EJM2BKBES73AM,7J4UMRAZAV5CMTFCUDXJAC4M,Hasdeo_Dataset_300/GeoTIFF/monthly,Hasdeo_Dataset_300/JPEG/monthly,10,EPSG:32644,"B2,B3,B4,B8,B8A,B11,B12,SCL,NDVI,NDWI,NBR,EVI","B4,B3,B2 (RGB visualised)",2026-02-21T03:25:19.206547
MON_Hasdeo_Full_2020_03_first_event,Hasdeo_Full,monthly,first_event,2020-03-01,2020-04-01,12,DIZ3ZSWEFXMOT2UJVNQUBJB5,SAGQLELZ7QC323Z5IRFGKBK6,Hasdeo_Dataset_300/GeoTIFF/monthly,Hasdeo_Dataset_300/JPEG/monthly,10,EPSG:32644,"B2,B3,B4,B8,B8A,B11,B12,SCL,NDVI,NDWI,NBR,EVI","B4,B3,B2 (RGB visualised)",2026-02-21T03:25:22.328131
MON_Hasdeo_Full_2020_04_first_event,Hasdeo_Full,monthly,first_event,2020-04-01,2020-05-01,18,NEW2PEZYQU4IMT6J36IUMGG3,BHYLLODZEMLL24OQROYTY6AV,Hasdeo_Dataset_300/GeoTIFF/monthly,Hasdeo_Dataset_300/JPEG/monthly,10,EPSG:32644,"B2,B3,B4,B8,B8A,B11,B12,SCL,NDVI,NDWI,NBR,EVI","B4,B3,B2 (RGB visualised)",2026-02-21T03:25:25.374216
MON_Hasdeo_Full_2020_05_first_event,Hasdeo_Full,monthly,first_event,2020-05-01,2020-06-01,12,GJMXP2ZOFNZ3CKSUQCHOA5LX,RLH4R7347JWHSKU3PZDWLWVO,Hasdeo_Dataset_300/GeoTIFF/monthly,Hasdeo_Dataset_300/JPEG/monthly,10,EPSG:32644,"B2,B3,B4,B8,B8A,B11,B12,SCL,NDVI,NDWI,NBR,EVI","B4,B3,B2 (RGB visualised)",2026-02-21T03:25:29.388623
MON_Hasdeo_Full_2020_06_first_event,Hasdeo_Full,monthly,first_event,2020-06-01,2020-07-01,4,S662BHWMETQA7COPPOITXKPV,CFWFANHZWSMZV7WVXNPCZ4GR,Hasdeo_Dataset_300/GeoTIFF/monthly,Hasdeo_Dataset_300/JPEG/monthly,10,EPSG:32644,"B2,B3,B4,B8,B8A,B11,B12,SCL,NDVI,NDWI,NBR,EVI","B4,B3,B2 (RGB visualised)",2026-02-21T03:25:32.290448
MON_Hasdeo_Full_2020_09_first_event,Hasdeo_Full,monthly,first_event,2020-09-01,2020-10-01,4,3QUM3KKQPXFDRYF3RLRHUJTF,Z5HAHE6LFQZWIAC5BHNZESCT,Hasdeo_Dataset_300/GeoTIFF/monthly,Hasdeo_Dataset_300/JPEG/monthly,10,EPSG:32644,"B2,B3,B4,B8,B8A,B11,B12,SCL,NDVI,NDWI,NBR,EVI","B4,B3,B2 (RGB visualised)",2026-02-21T03:25:39.888242
MON_Hasdeo_Full_2020_10_first_event,Hasdeo_Full,monthly,first_event,2020-10-01,2020-11-01,7,PL2ZTEZWQU4ZCQZ7U3GVLUGT,LCNHKE5E3E7UQKLPANTLA63B,Hasdeo_Dataset_300/GeoTIFF/monthly,Hasdeo_Dataset_300/JPEG/monthly,10,EPSG:32644,"B2,B3,B4,B8,B8A,B11,B12,SCL,NDVI,NDWI,NBR,EVI","B4,B3,B2 (RGB visualised)",2026-02-21T03:25:41.893599
MON_Hasdeo_Full_2020_11_first_event,Hasdeo_Full,monthly,first_event,2020-11-01,2020-12-01,16,3Y6PVX3NLKSAVGTJ3IAE2MSA,GTSQ5L43USG7Q4A3ZFZEMDS2,Hasdeo_Dataset_300/GeoTIFF/monthly,Hasdeo_Dataset_300/JPEG/monthly,10,EPSG:32644,"B2,B3,B4,B8,B8A,B11,B12,SCL,NDVI,NDWI,NBR,EVI","B4,B3,B2 (RGB visualised)",2026-02-21T03:25:43.999814
MON_Hasdeo_Full_2020_12_first_event,Hasdeo_Full,monthly,first_event,2020-12-01,2021-01-01,25,BPNAZ3RPRQATCONLISLBHEU7,7GSDJSZYMZHTVT5UDHJ4A34E,Hasdeo_Dataset_300/GeoTIFF/monthly,Hasdeo_Dataset_300/JPEG/monthly,10,EPSG:32644,"B2,B3,B4,B8,B8A,B11,B12,SCL,NDVI,NDWI,NBR,EVI","B4,B3,B2 (RGB visualised)",2026-02-21T03:25:48.339174
MON_Hasdeo_Full_2021_01_first_event,Hasdeo_Full,monthly,first_event,2021-01-01,2021-02-01,20,3WIVBJZTRWPS2XWIILP6C5MG,Q6EFNTOYNISR2PW7T5JGDIUO,Hasdeo_Dataset_300/GeoTIFF/monthly,Hasdeo_Dataset_300/JPEG/monthly,10,EPSG:32644,"B2,B3,B4,B8,B8A,B11,B12,SCL,NDVI,NDWI,NBR,EVI","B4,B3,B2 (RGB visualised)",2026-02-21T03:25:52.430885
MON_Hasdeo_Full_2021_02_first_event,Hasdeo_Full,monthly,first_event,2021-02-01,2021-03-01,20,4JXHGQWIBF3HDXFVNYWDEDT3,OJLEGB65EHXJ5YTK2HHV5SWY,Hasdeo_Dataset_300/GeoTIFF/monthly,Hasdeo_Dataset_300/JPEG/monthly,10,EPSG:32644,"B2,B3,B4,B8,B8A,B11,B12,SCL,NDVI,NDWI,NBR,EVI","B4,B3,B2 (RGB visualised)",2026-02-21T03:25:57.551149
MON_Hasdeo_Full_2021_03_first_event,Hasdeo_Full,monthly,first_event,2021-03-01,2021-04-01,24,65OT3ZQCCG5MC65GRHTTNN6B,VZGCH7YQMA3ENFOFD4NKGCAF,Hasdeo_Dataset_300/GeoTIFF/monthly,Hasdeo_Dataset_300/JPEG/monthly,10,EPSG:32644,"B2,B3,B4,B8,B8A,B11,B12,SCL,NDVI,NDWI,NBR,EVI","B4,B3,B2 (RGB visualised)",2026-02-21T03:26:01.440827
MON_Hasdeo_Full_2021_04_first_event,Hasdeo_Full,monthly,first_event,2021-04-01,2021-05-01,20,VGFUIG7RFLAFJS7DFQ2UXDOQ,BT5MFVIHLOFQ4OS742VNDHPU,Hasdeo_Dataset_300/GeoTIFF/monthly,Hasdeo_Dataset_300/JPEG/monthly,10,EPSG:32644,"B2,B3,B4,B8,B8A,B11,B12,SCL,NDVI,NDWI,NBR,EVI","B4,B3,B2 (RGB visualised)",2026-02-21T03:26:04.517271
MON_Hasdeo_Full_2021_05_first_event,Hasdeo_Full,monthly,first_event,2021-05-01,2021-06-01,6,2OMLECX7YDFAXMFQTC7S427J,VDBEZLHW7TXAFRGBKB2WAGW7,Hasdeo_Dataset_300/GeoTIFF/monthly,Hasdeo_Dataset_300/JPEG/monthly,10,EPSG:32644,"B2,B3,B4,B8,B8A,B11,B12,SCL,NDVI,NDWI,NBR,EVI","B4,B3,B2 (RGB visualised)",2026-02-21T03:26:06.970573
MON_Hasdeo_Full_2021_06_first_event,Hasdeo_Full,monthly,first_event,2021-06-01,2021-07-01,2,54DCE6UPGX7GFHTTGR7XIYJK,I22EO54BJ3Q3L5DFZ62B3TXT,Hasdeo_Dataset_300/GeoTIFF/monthly,Hasdeo_Dataset_300/JPEG/monthly,10,EPSG:32644,"B2,B3,B4,B8,B8A,B11,B12,SCL,NDVI,NDWI,NBR,EVI","B4,B3,B2 (RGB visualised)",2026-02-21T03:26:10.144896
MON_Hasdeo_Full_2021_07_first_event,Hasdeo_Full,monthly,first_event,2021-07-01,2021-08-01,1,A26T5D52ORTL36AKRX3CVPUL,CMNFXLDEQLPXPWEJP5LGRE4M,Hasdeo_Dataset_300/GeoTIFF/monthly,Hasdeo_Dataset_300/JPEG/monthly,10,EPSG:32644,"B2,B3,B4,B8,B8A,B11,B12,SCL,NDVI,NDWI,NBR,EVI","B4,B3,B2 (RGB visualised)",2026-02-21T03:26:14.247601
MON_Hasdeo_Full_2021_08_first_event,Hasdeo_Full,monthly,first_event,2021-08-01,2021-09-01,1,BBSO6DSBFGACV45H5JHC25SW,GYYKEODP5RIZANP5BNBIHMFO,Hasdeo_Dataset_300/GeoTIFF/monthly,Hasdeo_Dataset_300/JPEG/monthly,10,EPSG:32644,"B2,B3,B4,B8,B8A,B11,B12,SCL,NDVI,NDWI,NBR,EVI","B4,B3,B2 (RGB visualised)",2026-02-21T03:26:17.621240
MON_Hasdeo_Full_2021_10_first_event,Hasdeo_Full,monthly,first_event,2021-10-01,2021-11-01,16,TCVS3QPH7ST76CLEVMH7S6UQ,OKR2O4YHJDYG3INFK7GRTADW,Hasdeo_Dataset_300/GeoTIFF/monthly,Hasdeo_Dataset_300/JPEG/monthly,10,EPSG:32644,"B2,B3,B4,B8,B8A,B11,B12,SCL,NDVI,NDWI,NBR,EVI","B4,B3,B2 (RGB visualised)",2026-02-21T03:26:22.414418
MON_Hasdeo_Full_2021_11_first_event,Hasdeo_Full,monthly,first_event,2021-11-01,2021-12-01,15,MZENZOV6STLEEXX5JRVNMTWQ,7BQA7JUOXLY4Y5KMJ7PXSKOP,Hasdeo_Dataset_300/GeoTIFF/monthly,Hasdeo_Dataset_300/JPEG/monthly,10,EPSG:32644,"B2,B3,B4,B8,B8A,B11,B12,SCL,NDVI,NDWI,NBR,EVI","B4,B3,B2 (RGB visualised)",2026-02-21T03:26:25.714380
MON_Hasdeo_Full_2021_12_first_event,Hasdeo_Full,monthly,first_event,2021-12-01,2022-01-01,23,5QZPALFTL2WNNV2SBTK4N7EB,WTMNDNHC7HAMJ7UPIFLX4KT6,Hasdeo_Dataset_300/GeoTIFF/monthly,Hasdeo_Dataset_300/JPEG/monthly,10,EPSG:32644,"B2,B3,B4,B8,B8A,B11,B12,SCL,NDVI,NDWI,NBR,EVI","B4,B3,B2 (RGB visualised)",2026-02-21T03:26:28.883536
MON_Hasdeo_Full_2022_01_first_event,Hasdeo_Full,monthly,first_event,2022-01-01,2022-02-01,13,5FXBQ3Z7STEYM2RWA6COTSH3,3PAQFA5Q72527XKEQV2P635F,Hasdeo_Dataset_300/GeoTIFF/monthly,Hasdeo_Dataset_300/JPEG/monthly,10,EPSG:32644,"B2,B3,B4,B8,B8A,B11,B12,SCL,NDVI,NDWI,NBR,EVI","B4,B3,B2 (RGB visualised)",2026-02-21T03:26:31.956308
MON_Hasdeo_Full_2022_02_first_event,Hasdeo_Full,monthly,first_event,2022-02-01,2022-03-01,16,N2NMWFIGRQTI3RAXYNDBU7F6,PCUO5FYZFM3IRP655PSA4V3E,Hasdeo_Dataset_300/GeoTIFF/monthly,Hasdeo_Dataset_300/JPEG/monthly,10,EPSG:32644,"B2,B3,B4,B8,B8A,B11,B12,SCL,NDVI,NDWI,NBR,EVI","B4,B3,B2 (RGB visualised)",2026-02-21T03:26:34.210855
MON_Hasdeo_Full_2022_03_second_event,Hasdeo_Full,monthly,second_event,2022-03-01,2022-04-01,25,QOMVBU34GBIFF2ZAQJZDHPZT,7W56ZHGGT3RHALCD6GHHU4JX,Hasdeo_Dataset_300/GeoTIFF/monthly,Hasdeo_Dataset_300/JPEG/monthly,10,EPSG:32644,"B2,B3,B4,B8,B8A,B11,B12,SCL,NDVI,NDWI,NBR,EVI","B4,B3,B2 (RGB visualised)",2026-02-21T03:26:38.399889
MON_Hasdeo_Full_2022_04_second_event,Hasdeo_Full,monthly,second_event,2022-04-01,2022-05-01,21,CURPSM62ZY5HQZ3HDRG4PBDY,MIBEBYH3VAN6KPBLXCQJNEXE,Hasdeo_Dataset_300/GeoTIFF/monthly,Hasdeo_Dataset_300/JPEG/monthly,10,EPSG:32644,"B2,B3,B4,B8,B8A,B11,B12,SCL,NDVI,NDWI,NBR,EVI","B4,B3,B2 (RGB visualised)",2026-02-21T03:26:41.584887
MON_Hasdeo_Full_2022_05_first_event,Hasdeo_Full,monthly,first_event,2022-05-01,2022-06-01,17,HWGHDEULUAQHC2V64BGWLD5D,5RQZUNEW455BWDILMYNOQWR3,Hasdeo_Dataset_300/GeoTIFF/monthly,Hasdeo_Dataset_300/JPEG/monthly,10,EPSG:32644,"B2,B3,B4,B8,B8A,B11,B12,SCL,NDVI,NDWI,NBR,EVI","B4,B3,B2 (RGB visualised)",2026-02-21T03:26:44.679649
MON_Hasdeo_Full_2022_06_first_event,Hasdeo_Full,monthly,first_event,2022-06-01,2022-07-01,3,665ALBV7NYK6VH2OOJAAFPIR,CLOTW5ERMARFCGNKHDSNPKR6,Hasdeo_Dataset_300/GeoTIFF/monthly,Hasdeo_Dataset_300/JPEG/monthly,10,EPSG:32644,"B2,B3,B4,B8,B8A,B11,B12,SCL,NDVI,NDWI,NBR,EVI","B4,B3,B2 (RGB visualised)",2026-02-21T03:26:46.789273
MON_Hasdeo_Full_2022_10_first_event,Hasdeo_Full,monthly,first_event,2022-10-01,2022-11-01,10,SIR527NVSYOHBINVNNAB6OTL,HRQ5CPKNPHQDOW2VDYJW6CXN,Hasdeo_Dataset_300/GeoTIFF/monthly,Hasdeo_Dataset_300/JPEG/monthly,10,EPSG:32644,"B2,B3,B4,B8,B8A,B11,B12,SCL,NDVI,NDWI,NBR,EVI","B4,B3,B2 (RGB visualised)",2026-02-21T03:26:54.649191
MON_Hasdeo_Full_2022_11_first_event,Hasdeo_Full,monthly,first_event,2022-11-01,2022-12-01,22,IJE6HUBIIIFIAESEYPAQHFWC,DMD6VGDVLB6JZ6KA5FC4QPNP,Hasdeo_Dataset_300/GeoTIFF/monthly,Hasdeo_Dataset_300/JPEG/monthly,10,EPSG:32644,"B2,B3,B4,B8,B8A,B11,B12,SCL,NDVI,NDWI,NBR,EVI","B4,B3,B2 (RGB visualised)",2026-02-21T03:26:59.810018
MON_Hasdeo_Full_2022_12_first_event,Hasdeo_Full,monthly,first_event,2022-12-01,2023-01-01,23,PFUIF3JQEEKZD7JRUOREEI4K,DPRQZCAZR4N77LRF4WJPZY2O,Hasdeo_Dataset_300/GeoTIFF/monthly,Hasdeo_Dataset_300/JPEG/monthly,10,EPSG:32644,"B2,B3,B4,B8,B8A,B11,B12,SCL,NDVI,NDWI,NBR,EVI","B4,B3,B2 (RGB visualised)",2026-02-21T03:27:01.960212
MON_Hasdeo_Full_2023_01_first_event,Hasdeo_Full,monthly,first_event,2023-01-01,2023-02-01,20,DGWFY6OWIJB4QPQAJO7A4IL5,MFB3ITT56DCNGOZSAH4OTQA4,Hasdeo_Dataset_300/GeoTIFF/monthly,Hasdeo_Dataset_300/JPEG/monthly,10,EPSG:32644,"B2,B3,B4,B8,B8A,B11,B12,SCL,NDVI,NDWI,NBR,EVI","B4,B3,B2 (RGB visualised)",2026-02-21T03:27:05.236858
MON_Hasdeo_Full_2023_02_first_event,Hasdeo_Full,monthly,first_event,2023-02-01,2023-03-01,20,S4DM23OOFSFE7LCHYJSF5JFF,5A3MVNGXJKLV52UUYMAT5OIU,Hasdeo_Dataset_300/GeoTIFF/monthly,Hasdeo_Dataset_300/JPEG/monthly,10,EPSG:32644,"B2,B3,B4,B8,B8A,B11,B12,SCL,NDVI,NDWI,NBR,EVI","B4,B3,B2 (RGB visualised)",2026-02-21T03:27:07.284481
MON_Hasdeo_Full_2023_03_first_event,Hasdeo_Full,monthly,first_event,2023-03-01,2023-04-01,20,NYBYMTV4ZAHBCX3GPNZXA223,K2IMO3MQ35HNRX7FPKPAFMOQ,Hasdeo_Dataset_300/GeoTIFF/monthly,Hasdeo_Dataset_300/JPEG/monthly,10,EPSG:32644,"B2,B3,B4,B8,B8A,B11,B12,SCL,NDVI,NDWI,NBR,EVI","B4,B3,B2 (RGB visualised)",2026-02-21T03:27:10.459584
MON_Hasdeo_Full_2023_04_first_event,Hasdeo_Full,monthly,first_event,2023-04-01,2023-05-01,3,O2GHTCCWRQB6F4RUJK7J2IYD,V2VG2GP4P425RO7FL6MCTO22,Hasdeo_Dataset_300/GeoTIFF/monthly,Hasdeo_Dataset_300/JPEG/monthly,10,EPSG:32644,"B2,B3,B4,B8,B8A,B11,B12,SCL,NDVI,NDWI,NBR,EVI","B4,B3,B2 (RGB visualised)",2026-02-21T03:27:12.711856
MON_Hasdeo_Full_2023_05_first_event,Hasdeo_Full,monthly,first_event,2023-05-01,2023-06-01,17,7PVV2I33HHNZH2MGDX262Z44,WV3JCHTUKRUVOI476CZYVDH4,Hasdeo_Dataset_300/GeoTIFF/monthly,Hasdeo_Dataset_300/JPEG/monthly,10,EPSG:32644,"B2,B3,B4,B8,B8A,B11,B12,SCL,NDVI,NDWI,NBR,EVI","B4,B3,B2 (RGB visualised)",2026-02-21T03:27:15.786792
MON_Hasdeo_Full_2023_06_first_event,Hasdeo_Full,monthly,first_event,2023-06-01,2023-07-01,4,IMZPJSNXGEV7DOE3CQ7SBYOC,LYLDP4QN4DP5CBOXQ3GICALP,Hasdeo_Dataset_300/GeoTIFF/monthly,Hasdeo_Dataset_300/JPEG/monthly,10,EPSG:32644,"B2,B3,B4,B8,B8A,B11,B12,SCL,NDVI,NDWI,NBR,EVI","B4,B3,B2 (RGB visualised)",2026-02-21T03:27:17.935442
MON_Hasdeo_Full_2023_08_first_event,Hasdeo_Full,monthly,first_event,2023-08-01,2023-09-01,1,IE3OPREOVQLSMYN6MVM22ZTW,5GQQNU5RUKBEWQ4F7PB545T3,Hasdeo_Dataset_300/GeoTIFF/monthly,Hasdeo_Dataset_300/JPEG/monthly,10,EPSG:32644,"B2,B3,B4,B8,B8A,B11,B12,SCL,NDVI,NDWI,NBR,EVI","B4,B3,B2 (RGB visualised)",2026-02-21T03:27:21.728601
MON_Hasdeo_Full_2023_10_first_event,Hasdeo_Full,monthly,first_event,2023-10-01,2023-11-01,17,MIDUTJMBRRWT7S7CZKOA7G3Q,6OBD56N5CI37C2DTCJQRO2KG,Hasdeo_Dataset_300/GeoTIFF/monthly,Hasdeo_Dataset_300/JPEG/monthly,10,EPSG:32644,"B2,B3,B4,B8,B8A,B11,B12,SCL,NDVI,NDWI,NBR,EVI","B4,B3,B2 (RGB visualised)",2026-02-21T03:27:26.742335
MON_Hasdeo_Full_2023_11_first_event,Hasdeo_Full,monthly,first_event,2023-11-01,2023-12-01,24,IVUCMDH2YQMIEVK5267Y3MSU,DHEMMBIR34IONOALGATQFAB3,Hasdeo_Dataset_300/GeoTIFF/monthly,Hasdeo_Dataset_300/JPEG/monthly,10,EPSG:32644,"B2,B3,B4,B8,B8A,B11,B12,SCL,NDVI,NDWI,NBR,EVI","B4,B3,B2 (RGB visualised)",2026-02-21T03:27:31.144770
MON_Hasdeo_Full_2023_12_first_event,Hasdeo_Full,monthly,first_event,2023-12-01,2024-01-01,18,3LTUXTQDZXYS4ARKMRJKNX4J,JTB4LT6DRRH2GQKCP52JVHLM,Hasdeo_Dataset_300/GeoTIFF/monthly,Hasdeo_Dataset_300/JPEG/monthly,10,EPSG:32644,"B2,B3,B4,B8,B8A,B11,B12,SCL,NDVI,NDWI,NBR,EVI","B4,B3,B2 (RGB visualised)",2026-02-21T03:27:33.602232
MON_Hasdeo_North_2018_01_first_event,Hasdeo_North,monthly,first_event,2018-01-01,2018-02-01,6,7PYTIUG5DBK4B3RILXBS7S56,JJTAB7OIFTSJTXXYPRZMUR4Z,Hasdeo_Dataset_300/GeoTIFF/monthly,Hasdeo_Dataset_300/JPEG/monthly,10,EPSG:32644,"B2,B3,B4,B8,B8A,B11,B12,SCL,NDVI,NDWI,NBR,EVI","B4,B3,B2 (RGB visualised)",2026-02-21T03:27:36.200146
MON_Hasdeo_North_2018_02_first_event,Hasdeo_North,monthly,first_event,2018-02-01,2018-03-01,1,IZETNFLJZJ2OOKXF6INUNR57,ASFB45H6OZIUXBZYAKOJHASM,Hasdeo_Dataset_300/GeoTIFF/monthly,Hasdeo_Dataset_300/JPEG/monthly,10,EPSG:32644,"B2,B3,B4,B8,B8A,B11,B12,SCL,NDVI,NDWI,NBR,EVI","B4,B3,B2 (RGB visualised)",2026-02-21T03:27:39.438203
MON_Hasdeo_North_2018_03_first_event,Hasdeo_North,monthly,first_event,2018-03-01,2018-04-01,3,CXAN6CDQFM3M663ESX7VW3FQ,KSZ6TKKCUO3JQQOWGRFOGT2P,Hasdeo_Dataset_300/GeoTIFF/monthly,Hasdeo_Dataset_300/JPEG/monthly,10,EPSG:32644,"B2,B3,B4,B8,B8A,B11,B12,SCL,NDVI,NDWI,NBR,EVI","B4,B3,B2 (RGB visualised)",2026-02-21T03:27:42.556069
MON_Hasdeo_North_2018_04_first_event,Hasdeo_North,monthly,first_event,2018-04-01,2018-05-01,2,QVBAPE7DUWYPVGB4ONNXB2AS,GWJ65VVX4CHYZGGFW2WWR5GW,Hasdeo_Dataset_300/GeoTIFF/monthly,Hasdeo_Dataset_300/JPEG/monthly,10,EPSG:32644,"B2,B3,B4,B8,B8A,B11,B12,SCL,NDVI,NDWI,NBR,EVI","B4,B3,B2 (RGB visualised)",2026-02-21T03:27:45.892031
MON_Hasdeo_North_2018_10_first_event,Hasdeo_North,monthly,first_event,2018-10-01,2018-11-01,1,PB5KNR7ZJ6XXQB4JI6JEXGKU,H54VVYIPCV3B45WJBNVPMYR4,Hasdeo_Dataset_300/GeoTIFF/monthly,Hasdeo_Dataset_300/JPEG/monthly,10,EPSG:32644,"B2,B3,B4,B8,B8A,B11,B12,SCL,NDVI,NDWI,NBR,EVI","B4,B3,B2 (RGB visualised)",2026-02-21T03:27:55.515234
MON_Hasdeo_North_2018_11_first_event,Hasdeo_North,monthly,first_event,2018-11-01,2018-12-01,7,LV6LE5ZALFD4JANJB4VENDHT,6OD5GG27PSZQWV6SJXAOEW6Q,Hasdeo_Dataset_300/GeoTIFF/monthly,Hasdeo_Dataset_300/JPEG/monthly,10,EPSG:32644,"B2,B3,B4,B8,B8A,B11,B12,SCL,NDVI,NDWI,NBR,EVI","B4,B3,B2 (RGB visualised)",2026-02-21T03:28:00.019981
MON_Hasdeo_North_2018_12_first_event,Hasdeo_North,monthly,first_event,2018-12-01,2019-01-01,6,ZFSRTZQH3O6ONI4P376QBDDG,I3J7XU5DUSSSCYVFY7O6Z5HF,Hasdeo_Dataset_300/GeoTIFF/monthly,Hasdeo_Dataset_300/JPEG/monthly,10,EPSG:32644,"B2,B3,B4,B8,B8A,B11,B12,SCL,NDVI,NDWI,NBR,EVI","B4,B3,B2 (RGB visualised)",2026-02-21T03:28:03.298763
MON_Hasdeo_North_2019_01_first_event,Hasdeo_North,monthly,first_event,2019-01-01,2019-02-01,12,WXI6KRFGAKC4NUZ3TQRY7BCM,NTS6EVHY35YOCP3NVEULO4FZ,Hasdeo_Dataset_300/GeoTIFF/monthly,Hasdeo_Dataset_300/JPEG/monthly,10,EPSG:32644,"B2,B3,B4,B8,B8A,B11,B12,SCL,NDVI,NDWI,NBR,EVI","B4,B3,B2 (RGB visualised)",2026-02-21T03:28:05.451649
MON_Hasdeo_North_2019_02_first_event,Hasdeo_North,monthly,first_event,2019-02-01,2019-03-01,7,66GUULJSLWGCRVLD5MDUDQIJ,MPA7E53ZD4HJ2ZXGPJNSLFUO,Hasdeo_Dataset_300/GeoTIFF/monthly,Hasdeo_Dataset_300/JPEG/monthly,10,EPSG:32644,"B2,B3,B4,B8,B8A,B11,B12,SCL,NDVI,NDWI,NBR,EVI","B4,B3,B2 (RGB visualised)",2026-02-21T03:28:09.169898
MON_Hasdeo_North_2019_03_first_event,Hasdeo_North,monthly,first_event,2019-03-01,2019-04-01,10,KGLITKJOXPRCHZFRI34IS75I,4IZZJXGO3WB5CZEM3NBGT3DZ,Hasdeo_Dataset_300/GeoTIFF/monthly,Hasdeo_Dataset_300/JPEG/monthly,10,EPSG:32644,"B2,B3,B4,B8,B8A,B11,B12,SCL,NDVI,NDWI,NBR,EVI","B4,B3,B2 (RGB visualised)",2026-02-21T03:30:39.219235
MON_Hasdeo_North_2019_04_first_event,Hasdeo_North,monthly,first_event,2019-04-01,2019-05-01,7,JNONZRS7SLYL42KKCHU2DX3O,I2DDWBLSBROI34MQNTQMFQDD,Hasdeo_Dataset_300/GeoTIFF/monthly,Hasdeo_Dataset_300/JPEG/monthly,10,EPSG:32644,"B2,B3,B4,B8,B8A,B11,B12,SCL,NDVI,NDWI,NBR,EVI","B4,B3,B2 (RGB visualised)",2026-02-21T03:30:42.623743
MON_Hasdeo_North_2019_05_first_event,Hasdeo_North,monthly,first_event,2019-05-01,2019-06-01,10,VYO2US5TM4NOAXBDQHV6SBFE,UGPRYVW3VF6DEZTBPV3UT63E,Hasdeo_Dataset_300/GeoTIFF/monthly,Hasdeo_Dataset_300/JPEG/monthly,10,EPSG:32644,"B2,B3,B4,B8,B8A,B11,B12,SCL,NDVI,NDWI,NBR,EVI","B4,B3,B2 (RGB visualised)",2026-02-21T03:30:44.782670
MON_Hasdeo_North_2019_06_first_event,Hasdeo_North,monthly,first_event,2019-06-01,2019-07-01,4,EOTQ7HKCEIKSGNV75PTOPTXA,G56OJP62EDFDU2L25PD466VM,Hasdeo_Dataset_300/GeoTIFF/monthly,Hasdeo_Dataset_300/JPEG/monthly,10,EPSG:32644,"B2,B3,B4,B8,B8A,B11,B12,SCL,NDVI,NDWI,NBR,EVI","B4,B3,B2 (RGB visualised)",2026-02-21T03:30:46.940632
MON_Hasdeo_North_2019_10_first_event,Hasdeo_North,monthly,first_event,2019-10-01,2019-11-01,3,CIOMJORYKLRYOPOFCHRND5TO,VNVTA4UMBXGLX2NPDJ33IR5Z,Hasdeo_Dataset_300/GeoTIFF/monthly,Hasdeo_Dataset_300/JPEG/monthly,10,EPSG:32644,"B2,B3,B4,B8,B8A,B11,B12,SCL,NDVI,NDWI,NBR,EVI","B4,B3,B2 (RGB visualised)",2026-02-21T03:30:52.261345
MON_Hasdeo_North_2019_11_first_event,Hasdeo_North,monthly,first_event,2019-11-01,2019-12-01,11,IIY6EWSB4MBWTUXFXSPAWWTK,PNJ6AYSBNN2575SVC7RQT34N,Hasdeo_Dataset_300/GeoTIFF/monthly,Hasdeo_Dataset_300/JPEG/monthly,10,EPSG:32644,"B2,B3,B4,B8,B8A,B11,B12,SCL,NDVI,NDWI,NBR,EVI","B4,B3,B2 (RGB visualised)",2026-02-21T03:30:56.558399
MON_Hasdeo_North_2019_12_first_event,Hasdeo_North,monthly,first_event,2019-12-01,2020-01-01,7,5MALGOUPXIB4ZJOQS4G5SUX6,FHJI3OZDAQYXW5I7QTSUXWLD,Hasdeo_Dataset_300/GeoTIFF/monthly,Hasdeo_Dataset_300/JPEG/monthly,10,EPSG:32644,"B2,B3,B4,B8,B8A,B11,B12,SCL,NDVI,NDWI,NBR,EVI","B4,B3,B2 (RGB visualised)",2026-02-21T03:31:00.931542
MON_Hasdeo_North_2020_01_first_event,Hasdeo_North,monthly,first_event,2020-01-01,2020-02-01,12,IXRT3S7MTZFECAMUJOGLFQHX,XOSITJQOIEG7ZGM6HY3PCN23,Hasdeo_Dataset_300/GeoTIFF/monthly,Hasdeo_Dataset_300/JPEG/monthly,10,EPSG:32644,"B2,B3,B4,B8,B8A,B11,B12,SCL,NDVI,NDWI,NBR,EVI","B4,B3,B2 (RGB visualised)",2026-02-21T03:31:05.674536
MON_Hasdeo_North_2020_02_first_event,Hasdeo_North,monthly,first_event,2020-02-01,2020-03-01,4,FFFUQ6ADWYQ67YZIWY2OG2I6,ZFHCWPC2ICMWA23P6J6XHGLL,Hasdeo_Dataset_300/GeoTIFF/monthly,Hasdeo_Dataset_300/JPEG/monthly,10,EPSG:32644,"B2,B3,B4,B8,B8A,B11,B12,SCL,NDVI,NDWI,NBR,EVI","B4,B3,B2 (RGB visualised)",2026-02-21T03:31:08.953801
MON_Hasdeo_North_2020_03_first_event,Hasdeo_North,monthly,first_event,2020-03-01,2020-04-01,6,WQ2FJF7DJR2YTVGNGJO64NCZ,WBCL5RJCARLGV5O734NIHBG7,Hasdeo_Dataset_300/GeoTIFF/monthly,Hasdeo_Dataset_300/JPEG/monthly,10,EPSG:32644,"B2,B3,B4,B8,B8A,B11,B12,SCL,NDVI,NDWI,NBR,EVI","B4,B3,B2 (RGB visualised)",2026-02-21T03:31:12.125964
MON_Hasdeo_North_2020_04_first_event,Hasdeo_North,monthly,first_event,2020-04-01,2020-05-01,8,C3BALYGZQZPKOVARL3GIK3XC,MQTSX6UJU6OCYPG4SJIUAKZT,Hasdeo_Dataset_300/GeoTIFF/monthly,Hasdeo_Dataset_300/JPEG/monthly,10,EPSG:32644,"B2,B3,B4,B8,B8A,B11,B12,SCL,NDVI,NDWI,NBR,EVI","B4,B3,B2 (RGB visualised)",2026-02-21T03:31:15.401618
MON_Hasdeo_North_2020_05_first_event,Hasdeo_North,monthly,first_event,2020-05-01,2020-06-01,6,QBLJF4KPF6LPSMPFQYM75Z7M,P2OJQKAI2C6XDGMH4WWGXVRG,Hasdeo_Dataset_300/GeoTIFF/monthly,Hasdeo_Dataset_300/JPEG/monthly,10,EPSG:32644,"B2,B3,B4,B8,B8A,B11,B12,SCL,NDVI,NDWI,NBR,EVI","B4,B3,B2 (RGB visualised)",2026-02-21T03:31:17.758911
MON_Hasdeo_North_2020_06_first_event,Hasdeo_North,monthly,first_event,2020-06-01,2020-07-01,2,LW4H5Y25RFE76QZXQ223IJWU,ZHWFQZIZZH7B3WUSMXW6QAJ2,Hasdeo_Dataset_300/GeoTIFF/monthly,Hasdeo_Dataset_300/JPEG/monthly,10,EPSG:32644,"B2,B3,B4,B8,B8A,B11,B12,SCL,NDVI,NDWI,NBR,EVI","B4,B3,B2 (RGB visualised)",2026-02-21T03:31:20.008777
MON_Hasdeo_North_2020_09_first_event,Hasdeo_North,monthly,first_event,2020-09-01,2020-10-01,2,JSETEXHORNCBJDQBDZEJQTVA,LFK22U4CNEAQOJZ5U7K66NTY,Hasdeo_Dataset_300/GeoTIFF/monthly,Hasdeo_Dataset_300/JPEG/monthly,10,EPSG:32644,"B2,B3,B4,B8,B8A,B11,B12,SCL,NDVI,NDWI,NBR,EVI","B4,B3,B2 (RGB visualised)",2026-02-21T03:31:25.743382
MON_Hasdeo_North_2020_10_first_event,Hasdeo_North,monthly,first_event,2020-10-01,2020-11-01,5,V5PROTXZX4GT7B2L3OTSKEPL,YHTFBIAHEZYGYSISQMOTS7JC,Hasdeo_Dataset_300/GeoTIFF/monthly,Hasdeo_Dataset_300/JPEG/monthly,10,EPSG:32644,"B2,B3,B4,B8,B8A,B11,B12,SCL,NDVI,NDWI,NBR,EVI","B4,B3,B2 (RGB visualised)",2026-02-21T03:31:29.079810
MON_Hasdeo_North_2020_11_first_event,Hasdeo_North,monthly,first_event,2020-11-01,2020-12-01,9,EFL7DUCUZZJLQWCPCSQ6YWD3,2A4DBM7K2UKSX2BNHYUB3IW5,Hasdeo_Dataset_300/GeoTIFF/monthly,Hasdeo_Dataset_300/JPEG/monthly,10,EPSG:32644,"B2,B3,B4,B8,B8A,B11,B12,SCL,NDVI,NDWI,NBR,EVI","B4,B3,B2 (RGB visualised)",2026-02-21T03:31:31.479182
MON_Hasdeo_North_2020_12_first_event,Hasdeo_North,monthly,first_event,2020-12-01,2021-01-01,11,3SYHG6CC4FLGTN3BONUR3RLB,TCICMBXNF2BX4SH66ZPFVZWB,Hasdeo_Dataset_300/GeoTIFF/monthly,Hasdeo_Dataset_300/JPEG/monthly,10,EPSG:32644,"B2,B3,B4,B8,B8A,B11,B12,SCL,NDVI,NDWI,NBR,EVI","B4,B3,B2 (RGB visualised)",2026-02-21T03:31:34.756096
MON_Hasdeo_North_2021_01_first_event,Hasdeo_North,monthly,first_event,2021-01-01,2021-02-01,10,JUIAEV5J7T4YVV3XULF3JFRO,ZHEADZGQ6CHB45KRV3JZFGY2,Hasdeo_Dataset_300/GeoTIFF/monthly,Hasdeo_Dataset_300/JPEG/monthly,10,EPSG:32644,"B2,B3,B4,B8,B8A,B11,B12,SCL,NDVI,NDWI,NBR,EVI","B4,B3,B2 (RGB visualised)",2026-02-21T03:31:38.055075
MON_Hasdeo_North_2021_02_first_event,Hasdeo_North,monthly,first_event,2021-02-01,2021-03-01,9,K54XG2WHOLO3BACE6X36FY2N,GOHXJCGRNVMMOGPQ7QLMCAP7,Hasdeo_Dataset_300/GeoTIFF/monthly,Hasdeo_Dataset_300/JPEG/monthly,10,EPSG:32644,"B2,B3,B4,B8,B8A,B11,B12,SCL,NDVI,NDWI,NBR,EVI","B4,B3,B2 (RGB visualised)",2026-02-21T03:31:42.544380
MON_Hasdeo_North_2021_03_first_event,Hasdeo_North,monthly,first_event,2021-03-01,2021-04-01,12,YGJ32PD3YB2FSVGHRMQNRADY,6XO7437Y4DGZYCYD7UJPW7OA,Hasdeo_Dataset_300/GeoTIFF/monthly,Hasdeo_Dataset_300/JPEG/monthly,10,EPSG:32644,"B2,B3,B4,B8,B8A,B11,B12,SCL,NDVI,NDWI,NBR,EVI","B4,B3,B2 (RGB visualised)",2026-02-21T03:31:46.120609
MON_Hasdeo_North_2021_04_first_event,Hasdeo_North,monthly,first_event,2021-04-01,2021-05-01,10,F67GCHX2DXVSQ7UZ3FXVHJUC,J5K5QKIMSYHLJGQQJGIGYFPE,Hasdeo_Dataset_300/GeoTIFF/monthly,Hasdeo_Dataset_300/JPEG/monthly,10,EPSG:32644,"B2,B3,B4,B8,B8A,B11,B12,SCL,NDVI,NDWI,NBR,EVI","B4,B3,B2 (RGB visualised)",2026-02-21T03:31:52.264338
MON_Hasdeo_North_2021_05_first_event,Hasdeo_North,monthly,first_event,2021-05-01,2021-06-01,4,CSFVSTEOGGVZDVJI3YQPR36K,2FFSVWD5SVUJ6DKECDKMXJRA,Hasdeo_Dataset_300/GeoTIFF/monthly,Hasdeo_Dataset_300/JPEG/monthly,10,EPSG:32644,"B2,B3,B4,B8,B8A,B11,B12,SCL,NDVI,NDWI,NBR,EVI","B4,B3,B2 (RGB visualised)",2026-02-21T03:31:56.229566
MON_Hasdeo_North_2021_07_first_event,Hasdeo_North,monthly,first_event,2021-07-01,2021-08-01,1,P6M2N65JCYMJNMCRMDNTOZUS,6T2GUL4JRYO75XKI7GUKBENW,Hasdeo_Dataset_300/GeoTIFF/monthly,Hasdeo_Dataset_300/JPEG/monthly,10,EPSG:32644,"B2,B3,B4,B8,B8A,B11,B12,SCL,NDVI,NDWI,NBR,EVI","B4,B3,B2 (RGB visualised)",2026-02-21T03:32:01.276205
MON_Hasdeo_North_2021_10_first_event,Hasdeo_North,monthly,first_event,2021-10-01,2021-11-01,9,BZ75CS2DOVX5ONF5UNIV3EKJ,OS3NBBNKG2ZA5PZQLRJHXY5Y,Hasdeo_Dataset_300/GeoTIFF/monthly,Hasdeo_Dataset_300/JPEG/monthly,10,EPSG:32644,"B2,B3,B4,B8,B8A,B11,B12,SCL,NDVI,NDWI,NBR,EVI","B4,B3,B2 (RGB visualised)",2026-02-21T03:32:06.702975
MON_Hasdeo_North_2021_11_first_event,Hasdeo_North,monthly,first_event,2021-11-01,2021-12-01,8,DX2MRU7H3F7RS56WXDXTPGQU,BZLIB7R46TMADAT45OAUWFIM,Hasdeo_Dataset_300/GeoTIFF/monthly,Hasdeo_Dataset_300/JPEG/monthly,10,EPSG:32644,"B2,B3,B4,B8,B8A,B11,B12,SCL,NDVI,NDWI,NBR,EVI","B4,B3,B2 (RGB visualised)",2026-02-21T03:32:08.853665
MON_Hasdeo_North_2021_12_first_event,Hasdeo_North,monthly,first_event,2021-12-01,2022-01-01,11,LTZFWBWFEOBUWJ3GPZYEMOQA,OAUN4H55KWNMGVFPVW53A4ED,Hasdeo_Dataset_300/GeoTIFF/monthly,Hasdeo_Dataset_300/JPEG/monthly,10,EPSG:32644,"B2,B3,B4,B8,B8A,B11,B12,SCL,NDVI,NDWI,NBR,EVI","B4,B3,B2 (RGB visualised)",2026-02-21T03:32:10.962438
MON_Hasdeo_North_2022_01_first_event,Hasdeo_North,monthly,first_event,2022-01-01,2022-02-01,7,TFYULNYVISKT37Z4W63UUEUJ,AXB4N2JS7R6HITUD22JAQBZG,Hasdeo_Dataset_300/GeoTIFF/monthly,Hasdeo_Dataset_300/JPEG/monthly,10,EPSG:32644,"B2,B3,B4,B8,B8A,B11,B12,SCL,NDVI,NDWI,NBR,EVI","B4,B3,B2 (RGB visualised)",2026-02-21T03:32:13.565241
MON_Hasdeo_North_2022_02_first_event,Hasdeo_North,monthly,first_event,2022-02-01,2022-03-01,8,HB5BUD6VW2SRCZW2D7RXF22I,M22UBNNDAD5CS53SDV3YJKYM,Hasdeo_Dataset_300/GeoTIFF/monthly,Hasdeo_Dataset_300/JPEG/monthly,10,EPSG:32644,"B2,B3,B4,B8,B8A,B11,B12,SCL,NDVI,NDWI,NBR,EVI","B4,B3,B2 (RGB visualised)",2026-02-21T03:32:16.636043
MON_Hasdeo_North_2022_03_second_event,Hasdeo_North,monthly,second_event,2022-03-01,2022-04-01,14,ZPCMKBC2JXQYA2KQUXOU3IYG,ONTUABVPB42722XJFYJRDVY5,Hasdeo_Dataset_300/GeoTIFF/monthly,Hasdeo_Dataset_300/JPEG/monthly,10,EPSG:32644,"B2,B3,B4,B8,B8A,B11,B12,SCL,NDVI,NDWI,NBR,EVI","B4,B3,B2 (RGB visualised)",2026-02-21T03:32:18.800450
MON_Hasdeo_North_2022_04_second_event,Hasdeo_North,monthly,second_event,2022-04-01,2022-05-01,11,K2GFR77QMIKLKVQBWHQH5GYD,ZSKQRUHRFO5443HGEIJQMTGQ,Hasdeo_Dataset_300/GeoTIFF/monthly,Hasdeo_Dataset_300/JPEG/monthly,10,EPSG:32644,"B2,B3,B4,B8,B8A,B11,B12,SCL,NDVI,NDWI,NBR,EVI","B4,B3,B2 (RGB visualised)",2026-02-21T03:32:21.245558
MON_Hasdeo_North_2022_05_first_event,Hasdeo_North,monthly,first_event,2022-05-01,2022-06-01,9,KEANRHUR74EHV7KDO3ZACHZY,5LLPDNLUIRYIA46X3PII7WUE,Hasdeo_Dataset_300/GeoTIFF/monthly,Hasdeo_Dataset_300/JPEG/monthly,10,EPSG:32644,"B2,B3,B4,B8,B8A,B11,B12,SCL,NDVI,NDWI,NBR,EVI","B4,B3,B2 (RGB visualised)",2026-02-21T03:32:25.699699
MON_Hasdeo_North_2022_10_first_event,Hasdeo_North,monthly,first_event,2022-10-01,2022-11-01,5,XBGFWEKN6SGIPYK34EVAMPZX,3IHJ7TE5CDAUBFECZ2WHAT64,Hasdeo_Dataset_300/GeoTIFF/monthly,Hasdeo_Dataset_300/JPEG/monthly,10,EPSG:32644,"B2,B3,B4,B8,B8A,B11,B12,SCL,NDVI,NDWI,NBR,EVI","B4,B3,B2 (RGB visualised)",2026-02-21T03:32:33.327701
MON_Hasdeo_North_2022_11_first_event,Hasdeo_North,monthly,first_event,2022-11-01,2022-12-01,10,2ZJKPKPGBVIALCVYMJ2C4I7E,CTGE6BUI5V77K2XJQMT5HRYQ,Hasdeo_Dataset_300/GeoTIFF/monthly,Hasdeo_Dataset_300/JPEG/monthly,10,EPSG:32644,"B2,B3,B4,B8,B8A,B11,B12,SCL,NDVI,NDWI,NBR,EVI","B4,B3,B2 (RGB visualised)",2026-02-21T03:32:35.682752
MON_Hasdeo_North_2022_12_first_event,Hasdeo_North,monthly,first_event,2022-12-01,2023-01-01,11,4LKW7TVK2NGHCLGBO2QC4RWN,YOUNIRMOJNCVCAZQGZIYA66K,Hasdeo_Dataset_300/GeoTIFF/monthly,Hasdeo_Dataset_300/JPEG/monthly,10,EPSG:32644,"B2,B3,B4,B8,B8A,B11,B12,SCL,NDVI,NDWI,NBR,EVI","B4,B3,B2 (RGB visualised)",2026-02-21T03:32:38.148641
MON_Hasdeo_North_2023_01_first_event,Hasdeo_North,monthly,first_event,2023-01-01,2023-02-01,10,6W72JKLA7SYNNHLLEHOSQ4I6,HEHTIDXDRGMGALHNCYI7WAST,Hasdeo_Dataset_300/GeoTIFF/monthly,Hasdeo_Dataset_300/JPEG/monthly,10,EPSG:32644,"B2,B3,B4,B8,B8A,B11,B12,SCL,NDVI,NDWI,NBR,EVI","B4,B3,B2 (RGB visualised)",2026-02-21T03:32:41.622018
MON_Hasdeo_North_2023_02_first_event,Hasdeo_North,monthly,first_event,2023-02-01,2023-03-01,10,DUUPH6YK4QKTJWV4OXPNMDRO,VLQ324YLMBM3ZJWPSMABZIIU,Hasdeo_Dataset_300/GeoTIFF/monthly,Hasdeo_Dataset_300/JPEG/monthly,10,EPSG:32644,"B2,B3,B4,B8,B8A,B11,B12,SCL,NDVI,NDWI,NBR,EVI","B4,B3,B2 (RGB visualised)",2026-02-21T03:32:44.592976
MON_Hasdeo_North_2023_03_first_event,Hasdeo_North,monthly,first_event,2023-03-01,2023-04-01,9,HCFQIDBOVMFWKTN2DQOPXUAP,UZTEAAMLJFINZKGEDJ7NX3VA,Hasdeo_Dataset_300/GeoTIFF/monthly,Hasdeo_Dataset_300/JPEG/monthly,10,EPSG:32644,"B2,B3,B4,B8,B8A,B11,B12,SCL,NDVI,NDWI,NBR,EVI","B4,B3,B2 (RGB visualised)",2026-02-21T03:32:48.073291
MON_Hasdeo_North_2023_04_first_event,Hasdeo_North,monthly,first_event,2023-04-01,2023-05-01,1,ETIPN2UNP5HN74D3WSNU5XCP,I264OOBFB2QTKSIJAUTQK6KL,Hasdeo_Dataset_300/GeoTIFF/monthly,Hasdeo_Dataset_300/JPEG/monthly,10,EPSG:32644,"B2,B3,B4,B8,B8A,B11,B12,SCL,NDVI,NDWI,NBR,EVI","B4,B3,B2 (RGB visualised)",2026-02-21T03:32:50.414983
MON_Hasdeo_North_2023_05_first_event,Hasdeo_North,monthly,first_event,2023-05-01,2023-06-01,7,O2X5HUJVTXKWQOZEB5P5C5JO,MV6ZGOW6VSCC75AQAF4LBY74,Hasdeo_Dataset_300/GeoTIFF/monthly,Hasdeo_Dataset_300/JPEG/monthly,10,EPSG:32644,"B2,B3,B4,B8,B8A,B11,B12,SCL,NDVI,NDWI,NBR,EVI","B4,B3,B2 (RGB visualised)",2026-02-21T03:32:53.758537
MON_Hasdeo_North_2023_06_first_event,Hasdeo_North,monthly,first_event,2023-06-01,2023-07-01,2,EHD44NLLLC62R53YOH66UIIZ,XB3F5YZLNBRBKWG32F6YH7EC,Hasdeo_Dataset_300/GeoTIFF/monthly,Hasdeo_Dataset_300/JPEG/monthly,10,EPSG:32644,"B2,B3,B4,B8,B8A,B11,B12,SCL,NDVI,NDWI,NBR,EVI","B4,B3,B2 (RGB visualised)",2026-02-21T03:32:55.856449
MON_Hasdeo_North_2023_10_first_event,Hasdeo_North,monthly,first_event,2023-10-01,2023-11-01,8,OOVSCIJ4AIUTMOYAXIY4TN7T,D76L4CLDM7WDDD6L2HZ54YYL,Hasdeo_Dataset_300/GeoTIFF/monthly,Hasdeo_Dataset_300/JPEG/monthly,10,EPSG:32644,"B2,B3,B4,B8,B8A,B11,B12,SCL,NDVI,NDWI,NBR,EVI","B4,B3,B2 (RGB visualised)",2026-02-21T03:33:01.283052
MON_Hasdeo_North_2023_11_first_event,Hasdeo_North,monthly,first_event,2023-11-01,2023-12-01,10,7SP2QCS2Z3WCTMVFEMOTCQMY,XJK46K43EHORXSPUY53RNNZY,Hasdeo_Dataset_300/GeoTIFF/monthly,Hasdeo_Dataset_300/JPEG/monthly,10,EPSG:32644,"B2,B3,B4,B8,B8A,B11,B12,SCL,NDVI,NDWI,NBR,EVI","B4,B3,B2 (RGB visualised)",2026-02-21T03:33:05.583965
MON_Hasdeo_North_2023_12_first_event,Hasdeo_North,monthly,first_event,2023-12-01,2024-01-01,9,5Z5OHSIY2XN4E3GHQ5QRBC2A,DPMBG46XUAIHQ6B3OD66AGFY,Hasdeo_Dataset_300/GeoTIFF/monthly,Hasdeo_Dataset_300/JPEG/monthly,10,EPSG:32644,"B2,B3,B4,B8,B8A,B11,B12,SCL,NDVI,NDWI,NBR,EVI","B4,B3,B2 (RGB visualised)",2026-02-21T03:33:08.694113
MON_Hasdeo_South_2018_01_first_event,Hasdeo_South,monthly,first_event,2018-01-01,2018-02-01,16,FLUWVCZTVC6LMYW5DB4ZVBYQ,4BA7K7DET7WTPXHLQPT4S4Z7,Hasdeo_Dataset_300/GeoTIFF/monthly,Hasdeo_Dataset_300/JPEG/monthly,10,EPSG:32644,"B2,B3,B4,B8,B8A,B11,B12,SCL,NDVI,NDWI,NBR,EVI","B4,B3,B2 (RGB visualised)",2026-02-21T03:33:11.010916
MON_Hasdeo_South_2018_02_first_event,Hasdeo_South,monthly,first_event,2018-02-01,2018-03-01,3,DEUW5QZO4W7SWDT2WGLLKAXW,UADQFDVOYOUYDN77A3PDN2Y7,Hasdeo_Dataset_300/GeoTIFF/monthly,Hasdeo_Dataset_300/JPEG/monthly,10,EPSG:32644,"B2,B3,B4,B8,B8A,B11,B12,SCL,NDVI,NDWI,NBR,EVI","B4,B3,B2 (RGB visualised)",2026-02-21T03:33:15.416396
MON_Hasdeo_South_2018_03_first_event,Hasdeo_South,monthly,first_event,2018-03-01,2018-04-01,8,UQHG6GKHAJSG7L37B3QPRYV2,RWXDMEMVV5JLD6TY3LF4Q7U7,Hasdeo_Dataset_300/GeoTIFF/monthly,Hasdeo_Dataset_300/JPEG/monthly,10,EPSG:32644,"B2,B3,B4,B8,B8A,B11,B12,SCL,NDVI,NDWI,NBR,EVI","B4,B3,B2 (RGB visualised)",2026-02-21T03:33:19.101089
MON_Hasdeo_South_2018_04_first_event,Hasdeo_South,monthly,first_event,2018-04-01,2018-05-01,3,FKZERLNCTIU4PFR3SJZXPQRL,HUFYD5SDFOFLWGSLNVTHJJ7F,Hasdeo_Dataset_300/GeoTIFF/monthly,Hasdeo_Dataset_300/JPEG/monthly,10,EPSG:32644,"B2,B3,B4,B8,B8A,B11,B12,SCL,NDVI,NDWI,NBR,EVI","B4,B3,B2 (RGB visualised)",2026-02-21T03:33:22.133129
MON_Hasdeo_South_2018_10_first_event,Hasdeo_South,monthly,first_event,2018-10-01,2018-11-01,1,YQYZXVVGITFNLM2XFHEWSYGB,7MJLUVF62J7OSOLQF2QWOT3C,Hasdeo_Dataset_300/GeoTIFF/monthly,Hasdeo_Dataset_300/JPEG/monthly,10,EPSG:32644,"B2,B3,B4,B8,B8A,B11,B12,SCL,NDVI,NDWI,NBR,EVI","B4,B3,B2 (RGB visualised)",2026-02-21T03:33:29.648243
MON_Hasdeo_South_2018_11_first_event,Hasdeo_South,monthly,first_event,2018-11-01,2018-12-01,12,GGQ7BHCBOMMSJ2O5C2S65WQI,XAKTO7RBA57X2JE4EICD6A7N,Hasdeo_Dataset_300/GeoTIFF/monthly,Hasdeo_Dataset_300/JPEG/monthly,10,EPSG:32644,"B2,B3,B4,B8,B8A,B11,B12,SCL,NDVI,NDWI,NBR,EVI","B4,B3,B2 (RGB visualised)",2026-02-21T03:33:32.312673
MON_Hasdeo_South_2018_12_first_event,Hasdeo_South,monthly,first_event,2018-12-01,2019-01-01,10,NZTFZAXEL4MT6ECTAUQXLUHZ,7QWJRW4FXSO2R5Y5QBZ2CU3C,Hasdeo_Dataset_300/GeoTIFF/monthly,Hasdeo_Dataset_300/JPEG/monthly,10,EPSG:32644,"B2,B3,B4,B8,B8A,B11,B12,SCL,NDVI,NDWI,NBR,EVI","B4,B3,B2 (RGB visualised)",2026-02-21T03:33:34.575781
MON_Hasdeo_South_2019_01_first_event,Hasdeo_South,monthly,first_event,2019-01-01,2019-02-01,24,JF46NWLH72LJYHTX6P4SVSO6,QBJWVBI2AB2MCMEEVTMHF277,Hasdeo_Dataset_300/GeoTIFF/monthly,Hasdeo_Dataset_300/JPEG/monthly,10,EPSG:32644,"B2,B3,B4,B8,B8A,B11,B12,SCL,NDVI,NDWI,NBR,EVI","B4,B3,B2 (RGB visualised)",2026-02-21T03:33:39.164544
MON_Hasdeo_South_2019_02_first_event,Hasdeo_South,monthly,first_event,2019-02-01,2019-03-01,15,V5AGPDWNJJRZIAZIMRKYWICP,ACNKZJDVXN4KOZKIBKMK4JC3,Hasdeo_Dataset_300/GeoTIFF/monthly,Hasdeo_Dataset_300/JPEG/monthly,10,EPSG:32644,"B2,B3,B4,B8,B8A,B11,B12,SCL,NDVI,NDWI,NBR,EVI","B4,B3,B2 (RGB visualised)",2026-02-21T03:33:41.835447
MON_Hasdeo_South_2019_03_first_event,Hasdeo_South,monthly,first_event,2019-03-01,2019-04-01,22,D6WVEJUPUTPEQGPDR73ORZCU,IVGPJ5PAZNIZHHETI2TGDK5J,Hasdeo_Dataset_300/GeoTIFF/monthly,Hasdeo_Dataset_300/JPEG/monthly,10,EPSG:32644,"B2,B3,B4,B8,B8A,B11,B12,SCL,NDVI,NDWI,NBR,EVI","B4,B3,B2 (RGB visualised)",2026-02-21T03:33:44.087163
MON_Hasdeo_South_2019_04_first_event,Hasdeo_South,monthly,first_event,2019-04-01,2019-05-01,16,VMD6RZLNXRCX7ZIR57SQGOT3,H6BJZKG77SXO7AL5UNG5JXTW,Hasdeo_Dataset_300/GeoTIFF/monthly,Hasdeo_Dataset_300/JPEG/monthly,10,EPSG:32644,"B2,B3,B4,B8,B8A,B11,B12,SCL,NDVI,NDWI,NBR,EVI","B4,B3,B2 (RGB visualised)",2026-02-21T03:33:46.339939
MON_Hasdeo_South_2019_05_first_event,Hasdeo_South,monthly,first_event,2019-05-01,2019-06-01,24,R3TERBG4FILEAHQO4SVO6RR4,7TUJQKHUKEBHG4XSXSF52KKS,Hasdeo_Dataset_300/GeoTIFF/monthly,Hasdeo_Dataset_300/JPEG/monthly,10,EPSG:32644,"B2,B3,B4,B8,B8A,B11,B12,SCL,NDVI,NDWI,NBR,EVI","B4,B3,B2 (RGB visualised)",2026-02-21T03:33:49.416384
MON_Hasdeo_South_2019_06_first_event,Hasdeo_South,monthly,first_event,2019-06-01,2019-07-01,8,2RK37YZOLN3F3DSM2BP2N6F7,EMR7RQSMAO7DTWEXBMCB4Q5Z,Hasdeo_Dataset_300/GeoTIFF/monthly,Hasdeo_Dataset_300/JPEG/monthly,10,EPSG:32644,"B2,B3,B4,B8,B8A,B11,B12,SCL,NDVI,NDWI,NBR,EVI","B4,B3,B2 (RGB visualised)",2026-02-21T03:33:52.018826
MON_Hasdeo_South_2019_10_first_event,Hasdeo_South,monthly,first_event,2019-10-01,2019-11-01,6,SZKUQ5RXPG2PEDRA3TP33E3J,ROACAAD5M7NFQMNAZ5YZU322,Hasdeo_Dataset_300/GeoTIFF/monthly,Hasdeo_Dataset_300/JPEG/monthly,10,EPSG:32644,"B2,B3,B4,B8,B8A,B11,B12,SCL,NDVI,NDWI,NBR,EVI","B4,B3,B2 (RGB visualised)",2026-02-21T03:33:57.296790
MON_Hasdeo_South_2019_11_first_event,Hasdeo_South,monthly,first_event,2019-11-01,2019-12-01,22,Z7QHZ6W5THKLI5J4BNUWLFPZ,3NPUT7Q3FGLNCTNWNH3TTYVZ,Hasdeo_Dataset_300/GeoTIFF/monthly,Hasdeo_Dataset_300/JPEG/monthly,10,EPSG:32644,"B2,B3,B4,B8,B8A,B11,B12,SCL,NDVI,NDWI,NBR,EVI","B4,B3,B2 (RGB visualised)",2026-02-21T03:34:01.392654
MON_Hasdeo_South_2019_12_first_event,Hasdeo_South,monthly,first_event,2019-12-01,2020-01-01,14,KHG3G37ULRL3NWAIDRQ6Z45Q,5XISWI7UIUAM4HJDS7HPXJOO,Hasdeo_Dataset_300/GeoTIFF/monthly,Hasdeo_Dataset_300/JPEG/monthly,10,EPSG:32644,"B2,B3,B4,B8,B8A,B11,B12,SCL,NDVI,NDWI,NBR,EVI","B4,B3,B2 (RGB visualised)",2026-02-21T03:34:03.510014
MON_Hasdeo_South_2020_01_first_event,Hasdeo_South,monthly,first_event,2020-01-01,2020-02-01,24,ZIOGCD3JEDJFYKEREBFONRHG,FAPYQ2YEUKLDX4LKQ5FI6KB2,Hasdeo_Dataset_300/GeoTIFF/monthly,Hasdeo_Dataset_300/JPEG/monthly,10,EPSG:32644,"B2,B3,B4,B8,B8A,B11,B12,SCL,NDVI,NDWI,NBR,EVI","B4,B3,B2 (RGB visualised)",2026-02-21T03:34:05.796097
MON_Hasdeo_South_2020_02_first_event,Hasdeo_South,monthly,first_event,2020-02-01,2020-03-01,9,WD5CNY2XUOS5WKVYYHCD4DDD,IT3PHHQ5AWT2SAJCH7Y7OIFN,Hasdeo_Dataset_300/GeoTIFF/monthly,Hasdeo_Dataset_300/JPEG/monthly,10,EPSG:32644,"B2,B3,B4,B8,B8A,B11,B12,SCL,NDVI,NDWI,NBR,EVI","B4,B3,B2 (RGB visualised)",2026-02-21T03:34:07.947506
MON_Hasdeo_South_2020_03_first_event,Hasdeo_South,monthly,first_event,2020-03-01,2020-04-01,12,QNBDHJMDBRYQQ42FMMIJJ22U,7VPSDMS5SYIMRM4QKQULCOY3,Hasdeo_Dataset_300/GeoTIFF/monthly,Hasdeo_Dataset_300/JPEG/monthly,10,EPSG:32644,"B2,B3,B4,B8,B8A,B11,B12,SCL,NDVI,NDWI,NBR,EVI","B4,B3,B2 (RGB visualised)",2026-02-21T03:34:10.200860
MON_Hasdeo_South_2020_04_first_event,Hasdeo_South,monthly,first_event,2020-04-01,2020-05-01,18,ZX5MTQLEBDTDFRV4BURT66KX,53W5PDB7LH767ZCYMM7XSB6G,Hasdeo_Dataset_300/GeoTIFF/monthly,Hasdeo_Dataset_300/JPEG/monthly,10,EPSG:32644,"B2,B3,B4,B8,B8A,B11,B12,SCL,NDVI,NDWI,NBR,EVI","B4,B3,B2 (RGB visualised)",2026-02-21T03:34:12.453289
MON_Hasdeo_South_2020_05_first_event,Hasdeo_South,monthly,first_event,2020-05-01,2020-06-01,12,TNMOZKAVMRUSBWAD6F7EBGM3,S4P6JDJB2EKWJN657A6XJO6I,Hasdeo_Dataset_300/GeoTIFF/monthly,Hasdeo_Dataset_300/JPEG/monthly,10,EPSG:32644,"B2,B3,B4,B8,B8A,B11,B12,SCL,NDVI,NDWI,NBR,EVI","B4,B3,B2 (RGB visualised)",2026-02-21T03:34:15.831254
MON_Hasdeo_South_2020_06_first_event,Hasdeo_South,monthly,first_event,2020-06-01,2020-07-01,4,SRWPF2HRJPGARLEZ5AHZP4TW,6ZIMIF4ZNRYXVRWWZTA7VIMW,Hasdeo_Dataset_300/GeoTIFF/monthly,Hasdeo_Dataset_300/JPEG/monthly,10,EPSG:32644,"B2,B3,B4,B8,B8A,B11,B12,SCL,NDVI,NDWI,NBR,EVI","B4,B3,B2 (RGB visualised)",2026-02-21T03:34:18.799817
MON_Hasdeo_South_2020_09_first_event,Hasdeo_South,monthly,first_event,2020-09-01,2020-10-01,4,Z4AZ6BLNJL4255QBNOALMPW7,5QTYOL65BBG3KGQK3XOV2Q2M,Hasdeo_Dataset_300/GeoTIFF/monthly,Hasdeo_Dataset_300/JPEG/monthly,10,EPSG:32644,"B2,B3,B4,B8,B8A,B11,B12,SCL,NDVI,NDWI,NBR,EVI","B4,B3,B2 (RGB visualised)",2026-02-21T03:34:24.842995
MON_Hasdeo_South_2020_10_first_event,Hasdeo_South,monthly,first_event,2020-10-01,2020-11-01,7,ZLCKKP3YCQJH4H574OBZCURW,I3BRRK4LAT7UQZIONIGIOVQ4,Hasdeo_Dataset_300/GeoTIFF/monthly,Hasdeo_Dataset_300/JPEG/monthly,10,EPSG:32644,"B2,B3,B4,B8,B8A,B11,B12,SCL,NDVI,NDWI,NBR,EVI","B4,B3,B2 (RGB visualised)",2026-02-21T03:34:28.528666
MON_Hasdeo_South_2020_11_first_event,Hasdeo_South,monthly,first_event,2020-11-01,2020-12-01,16,7KDOFJSKLZB2DEWGQPJ6S4TQ,R5YASPP74CHPAVY7KD73HNE7,Hasdeo_Dataset_300/GeoTIFF/monthly,Hasdeo_Dataset_300/JPEG/monthly,10,EPSG:32644,"B2,B3,B4,B8,B8A,B11,B12,SCL,NDVI,NDWI,NBR,EVI","B4,B3,B2 (RGB visualised)",2026-02-21T03:34:30.794416
MON_Hasdeo_South_2020_12_first_event,Hasdeo_South,monthly,first_event,2020-12-01,2021-01-01,25,ANMVTZ6D5LDIPODOGTPUKXUX,7WI4AXNZSWVHL47ZU3CCU3DZ,Hasdeo_Dataset_300/GeoTIFF/monthly,Hasdeo_Dataset_300/JPEG/monthly,10,EPSG:32644,"B2,B3,B4,B8,B8A,B11,B12,SCL,NDVI,NDWI,NBR,EVI","B4,B3,B2 (RGB visualised)",2026-02-21T03:34:32.930344
MON_Hasdeo_South_2021_01_first_event,Hasdeo_South,monthly,first_event,2021-01-01,2021-02-01,20,FMTNVP62J2IPCUTZSWMJA3RE,OF4WNBBL3TSG32JNPFNNXLE4,Hasdeo_Dataset_300/GeoTIFF/monthly,Hasdeo_Dataset_300/JPEG/monthly,10,EPSG:32644,"B2,B3,B4,B8,B8A,B11,B12,SCL,NDVI,NDWI,NBR,EVI","B4,B3,B2 (RGB visualised)",2026-02-21T03:34:35.287230
MON_Hasdeo_South_2021_02_first_event,Hasdeo_South,monthly,first_event,2021-02-01,2021-03-01,20,F4IJYS2I7RNC6UJKH3K7I2ZY,QED3A2YO4KNUK6GIKNJFTUGU,Hasdeo_Dataset_300/GeoTIFF/monthly,Hasdeo_Dataset_300/JPEG/monthly,10,EPSG:32644,"B2,B3,B4,B8,B8A,B11,B12,SCL,NDVI,NDWI,NBR,EVI","B4,B3,B2 (RGB visualised)",2026-02-21T03:34:37.644517
MON_Hasdeo_South_2021_03_first_event,Hasdeo_South,monthly,first_event,2021-03-01,2021-04-01,24,FQVX5C3MNJ5F2OEW4BPOLHCF,P3OILPWGPCDAGTHEF3KFHGXH,Hasdeo_Dataset_300/GeoTIFF/monthly,Hasdeo_Dataset_300/JPEG/monthly,10,EPSG:32644,"B2,B3,B4,B8,B8A,B11,B12,SCL,NDVI,NDWI,NBR,EVI","B4,B3,B2 (RGB visualised)",2026-02-21T03:34:39.794869
MON_Hasdeo_South_2021_04_first_event,Hasdeo_South,monthly,first_event,2021-04-01,2021-05-01,20,DBQPVQGAPKTYUUD6R6E63Y2C,B7RRUS27H5JVNIJEJGB5A3DF,Hasdeo_Dataset_300/GeoTIFF/monthly,Hasdeo_Dataset_300/JPEG/monthly,10,EPSG:32644,"B2,B3,B4,B8,B8A,B11,B12,SCL,NDVI,NDWI,NBR,EVI","B4,B3,B2 (RGB visualised)",2026-02-21T03:34:42.662399
MON_Hasdeo_South_2021_05_first_event,Hasdeo_South,monthly,first_event,2021-05-01,2021-06-01,6,IGSVHQZT6OIXSK73LHRK5MES,P7R3MT3O4R57O4MADTSZD7JR,Hasdeo_Dataset_300/GeoTIFF/monthly,Hasdeo_Dataset_300/JPEG/monthly,10,EPSG:32644,"B2,B3,B4,B8,B8A,B11,B12,SCL,NDVI,NDWI,NBR,EVI","B4,B3,B2 (RGB visualised)",2026-02-21T03:34:50.955543
MON_Hasdeo_South_2021_06_first_event,Hasdeo_South,monthly,first_event,2021-06-01,2021-07-01,2,P6BSR5UK3YV6W2LGK26QR7Y3,FNSFQTVKKMGY6KDCD6KOBY54,Hasdeo_Dataset_300/GeoTIFF/monthly,Hasdeo_Dataset_300/JPEG/monthly,10,EPSG:32644,"B2,B3,B4,B8,B8A,B11,B12,SCL,NDVI,NDWI,NBR,EVI","B4,B3,B2 (RGB visualised)",2026-02-21T03:34:54.129877
MON_Hasdeo_South_2021_07_first_event,Hasdeo_South,monthly,first_event,2021-07-01,2021-08-01,1,JMNCIXN4SHKSUJ4LQUZNEGP7,7UPQY36UEOYOQTPVWT5R5QS2,Hasdeo_Dataset_300/GeoTIFF/monthly,Hasdeo_Dataset_300/JPEG/monthly,10,EPSG:32644,"B2,B3,B4,B8,B8A,B11,B12,SCL,NDVI,NDWI,NBR,EVI","B4,B3,B2 (RGB visualised)",2026-02-21T03:34:56.587339
MON_Hasdeo_South_2021_08_first_event,Hasdeo_South,monthly,first_event,2021-08-01,2021-09-01,1,5TGB6B2DE2OTGQ6EAH4NRK5O,LG5P4UHKT6DSJP7HXPZXM3P5,Hasdeo_Dataset_300/GeoTIFF/monthly,Hasdeo_Dataset_300/JPEG/monthly,10,EPSG:32644,"B2,B3,B4,B8,B8A,B11,B12,SCL,NDVI,NDWI,NBR,EVI","B4,B3,B2 (RGB visualised)",2026-02-21T03:34:59.981620
MON_Hasdeo_South_2021_10_first_event,Hasdeo_South,monthly,first_event,2021-10-01,2021-11-01,16,5EEROYLSULOB3UOPQIDZ24RT,5V2ZTCIORG7TFDPW7R4DDOUK,Hasdeo_Dataset_300/GeoTIFF/monthly,Hasdeo_Dataset_300/JPEG/monthly,10,EPSG:32644,"B2,B3,B4,B8,B8A,B11,B12,SCL,NDVI,NDWI,NBR,EVI","B4,B3,B2 (RGB visualised)",2026-02-21T03:35:06.211883
MON_Hasdeo_South_2021_11_first_event,Hasdeo_South,monthly,first_event,2021-11-01,2021-12-01,15,ARYURTYMIPUFJIZHU53I65I5,TRYSULDXEEOB7FWTJ7O27VFL,Hasdeo_Dataset_300/GeoTIFF/monthly,Hasdeo_Dataset_300/JPEG/monthly,10,EPSG:32644,"B2,B3,B4,B8,B8A,B11,B12,SCL,NDVI,NDWI,NBR,EVI","B4,B3,B2 (RGB visualised)",2026-02-21T03:35:08.772873
MON_Hasdeo_South_2021_12_first_event,Hasdeo_South,monthly,first_event,2021-12-01,2022-01-01,23,ZJKSHNUOSSA6AMPDT2WNXAD7,PXQK4NM5Q57BHINI276EWHSA,Hasdeo_Dataset_300/GeoTIFF/monthly,Hasdeo_Dataset_300/JPEG/monthly,10,EPSG:32644,"B2,B3,B4,B8,B8A,B11,B12,SCL,NDVI,NDWI,NBR,EVI","B4,B3,B2 (RGB visualised)",2026-02-21T03:35:11.946735
MON_Hasdeo_South_2022_01_first_event,Hasdeo_South,monthly,first_event,2022-01-01,2022-02-01,13,CIJCVME3HTL7PC2KUGU45SL4,AUXQYO2WXN5SMH7V44VBYXZE,Hasdeo_Dataset_300/GeoTIFF/monthly,Hasdeo_Dataset_300/JPEG/monthly,10,EPSG:32644,"B2,B3,B4,B8,B8A,B11,B12,SCL,NDVI,NDWI,NBR,EVI","B4,B3,B2 (RGB visualised)",2026-02-21T03:35:14.457140
MON_Hasdeo_South_2022_02_first_event,Hasdeo_South,monthly,first_event,2022-02-01,2022-03-01,16,4CA5DBG6WNRRP7OXLAHUAWNF,2QJCCIJC6NSTCKANUF3Y5JHD,Hasdeo_Dataset_300/GeoTIFF/monthly,Hasdeo_Dataset_300/JPEG/monthly,10,EPSG:32644,"B2,B3,B4,B8,B8A,B11,B12,SCL,NDVI,NDWI,NBR,EVI","B4,B3,B2 (RGB visualised)",2026-02-21T03:35:17.681405
MON_Hasdeo_South_2022_03_second_event,Hasdeo_South,monthly,second_event,2022-03-01,2022-04-01,25,7HZDCRRTS6UATRCLCL4RUS6A,7YHUVVIL7I6K2VXTTQO5INM5,Hasdeo_Dataset_300/GeoTIFF/monthly,Hasdeo_Dataset_300/JPEG/monthly,10,EPSG:32644,"B2,B3,B4,B8,B8A,B11,B12,SCL,NDVI,NDWI,NBR,EVI","B4,B3,B2 (RGB visualised)",2026-02-21T03:35:21.266076
MON_Hasdeo_South_2022_04_second_event,Hasdeo_South,monthly,second_event,2022-04-01,2022-05-01,21,B6ZVS3PA6BG3NPXSYKXW3FZQ,I2VT4P6ZIH7G7I7T3ZGKHFUE,Hasdeo_Dataset_300/GeoTIFF/monthly,Hasdeo_Dataset_300/JPEG/monthly,10,EPSG:32644,"B2,B3,B4,B8,B8A,B11,B12,SCL,NDVI,NDWI,NBR,EVI","B4,B3,B2 (RGB visualised)",2026-02-21T03:35:23.620898
MON_Hasdeo_South_2022_05_first_event,Hasdeo_South,monthly,first_event,2022-05-01,2022-06-01,17,GKA5G4BA66X2UF3KIZNANJMK,XHP6FJGCEE5NBM2YIQDVWBQM,Hasdeo_Dataset_300/GeoTIFF/monthly,Hasdeo_Dataset_300/JPEG/monthly,10,EPSG:32644,"B2,B3,B4,B8,B8A,B11,B12,SCL,NDVI,NDWI,NBR,EVI","B4,B3,B2 (RGB visualised)",2026-02-21T03:35:27.937780
MON_Hasdeo_South_2022_06_first_event,Hasdeo_South,monthly,first_event,2022-06-01,2022-07-01,3,76COQVQPVBRI64FFPNHJMKD3,DW6GTPWPHSPZILYYNC7UAU3C,Hasdeo_Dataset_300/GeoTIFF/monthly,Hasdeo_Dataset_300/JPEG/monthly,10,EPSG:32644,"B2,B3,B4,B8,B8A,B11,B12,SCL,NDVI,NDWI,NBR,EVI","B4,B3,B2 (RGB visualised)",2026-02-21T03:35:30.584125
MON_Hasdeo_South_2022_10_first_event,Hasdeo_South,monthly,first_event,2022-10-01,2022-11-01,10,LAU657XAPZZFOJYZN3X2LF53,RPPLTH6TUPWN3KWXDU7NS2FW,Hasdeo_Dataset_300/GeoTIFF/monthly,Hasdeo_Dataset_300/JPEG/monthly,10,EPSG:32644,"B2,B3,B4,B8,B8A,B11,B12,SCL,NDVI,NDWI,NBR,EVI","B4,B3,B2 (RGB visualised)",2026-02-21T03:35:35.294362
MON_Hasdeo_South_2022_11_first_event,Hasdeo_South,monthly,first_event,2022-11-01,2022-12-01,22,YZJCK3JMKSGJO36OFO4MAEPH,GIP4GAPTLBLCRVFK5TI4GGWZ,Hasdeo_Dataset_300/GeoTIFF/monthly,Hasdeo_Dataset_300/JPEG/monthly,10,EPSG:32644,"B2,B3,B4,B8,B8A,B11,B12,SCL,NDVI,NDWI,NBR,EVI","B4,B3,B2 (RGB visualised)",2026-02-21T03:35:37.445114
MON_Hasdeo_South_2022_12_first_event,Hasdeo_South,monthly,first_event,2022-12-01,2023-01-01,23,PCRP2XXFMORSNA5UKPMLENHE,RXL5NTDXDYLVGIQZGUAHJQPV,Hasdeo_Dataset_300/GeoTIFF/monthly,Hasdeo_Dataset_300/JPEG/monthly,10,EPSG:32644,"B2,B3,B4,B8,B8A,B11,B12,SCL,NDVI,NDWI,NBR,EVI","B4,B3,B2 (RGB visualised)",2026-02-21T03:35:39.800004
MON_Hasdeo_South_2023_01_first_event,Hasdeo_South,monthly,first_event,2023-01-01,2023-02-01,20,EIIDEFOWH36PCRNIJ27UZM77,V2KK6XSRKEG46L467VW4GYK4,Hasdeo_Dataset_300/GeoTIFF/monthly,Hasdeo_Dataset_300/JPEG/monthly,10,EPSG:32644,"B2,B3,B4,B8,B8A,B11,B12,SCL,NDVI,NDWI,NBR,EVI","B4,B3,B2 (RGB visualised)",2026-02-21T03:35:43.158561
MON_Hasdeo_South_2023_02_first_event,Hasdeo_South,monthly,first_event,2023-02-01,2023-03-01,20,QRKRKZN3UKPVFJKIGM27OGYP,TJUJ6LWJ6DPX5YQNMZBXCOPZ,Hasdeo_Dataset_300/GeoTIFF/monthly,Hasdeo_Dataset_300/JPEG/monthly,10,EPSG:32644,"B2,B3,B4,B8,B8A,B11,B12,SCL,NDVI,NDWI,NBR,EVI","B4,B3,B2 (RGB visualised)",2026-02-21T03:35:45.535956
MON_Hasdeo_South_2023_03_first_event,Hasdeo_South,monthly,first_event,2023-03-01,2023-04-01,20,E7NAL2YG6FBLRUKADB2CQW3Q,U2BT3EPLAYEDO2QKUCS2QN65,Hasdeo_Dataset_300/GeoTIFF/monthly,Hasdeo_Dataset_300/JPEG/monthly,10,EPSG:32644,"B2,B3,B4,B8,B8A,B11,B12,SCL,NDVI,NDWI,NBR,EVI","B4,B3,B2 (RGB visualised)",2026-02-21T03:35:50.554862
MON_Hasdeo_South_2023_04_first_event,Hasdeo_South,monthly,first_event,2023-04-01,2023-05-01,3,BQJX3WBPYVOTG4K4OJLUOWOT,OQBZKOFE5BU2EMIC3O2YUHIZ,Hasdeo_Dataset_300/GeoTIFF/monthly,Hasdeo_Dataset_300/JPEG/monthly,10,EPSG:32644,"B2,B3,B4,B8,B8A,B11,B12,SCL,NDVI,NDWI,NBR,EVI","B4,B3,B2 (RGB visualised)",2026-02-21T03:35:52.804835
MON_Hasdeo_South_2023_05_first_event,Hasdeo_South,monthly,first_event,2023-05-01,2023-06-01,17,HR7LZYHTGOD34W3JUCG24SKP,OIKIP45SFI7CU7UQNJEXCW5Y,Hasdeo_Dataset_300/GeoTIFF/monthly,Hasdeo_Dataset_300/JPEG/monthly,10,EPSG:32644,"B2,B3,B4,B8,B8A,B11,B12,SCL,NDVI,NDWI,NBR,EVI","B4,B3,B2 (RGB visualised)",2026-02-21T03:35:55.310365
MON_Hasdeo_South_2023_06_first_event,Hasdeo_South,monthly,first_event,2023-06-01,2023-07-01,4,MAUBA26UDH3PW4NK55LDHZSN,RVZXWZ63WR2TCJVC45LXMXZA,Hasdeo_Dataset_300/GeoTIFF/monthly,Hasdeo_Dataset_300/JPEG/monthly,10,EPSG:32644,"B2,B3,B4,B8,B8A,B11,B12,SCL,NDVI,NDWI,NBR,EVI","B4,B3,B2 (RGB visualised)",2026-02-21T03:35:58.027661
MON_Hasdeo_South_2023_08_first_event,Hasdeo_South,monthly,first_event,2023-08-01,2023-09-01,1,57ZAE6YTYQ55CPVF3OSF3HY4,N4Q3EXQYMEVR3RXVA6PJ3JPU,Hasdeo_Dataset_300/GeoTIFF/monthly,Hasdeo_Dataset_300/JPEG/monthly,10,EPSG:32644,"B2,B3,B4,B8,B8A,B11,B12,SCL,NDVI,NDWI,NBR,EVI","B4,B3,B2 (RGB visualised)",2026-02-21T03:36:04.274121
MON_Hasdeo_South_2023_10_first_event,Hasdeo_South,monthly,first_event,2023-10-01,2023-11-01,17,T4OAXHFLSARQEN6DOKCOG3ZX,NXDUNEHBKZPLVMW5JDEK2O7H,Hasdeo_Dataset_300/GeoTIFF/monthly,Hasdeo_Dataset_300/JPEG/monthly,10,EPSG:32644,"B2,B3,B4,B8,B8A,B11,B12,SCL,NDVI,NDWI,NBR,EVI","B4,B3,B2 (RGB visualised)",2026-02-21T03:36:09.134771
MON_Hasdeo_South_2023_11_first_event,Hasdeo_South,monthly,first_event,2023-11-01,2023-12-01,24,62RDNANGLBYCD62GYTDR5PG2,ZRN5LUF7LHZUKNDY4SJV5OGD,Hasdeo_Dataset_300/GeoTIFF/monthly,Hasdeo_Dataset_300/JPEG/monthly,10,EPSG:32644,"B2,B3,B4,B8,B8A,B11,B12,SCL,NDVI,NDWI,NBR,EVI","B4,B3,B2 (RGB visualised)",2026-02-21T03:36:16.664175
MON_Hasdeo_South_2023_12_first_event,Hasdeo_South,monthly,first_event,2023-12-01,2024-01-01,18,BH52TTXUQGIGIRQSGBVHPOVC,GXNZ3OJ2TW5MEDGHL64K32RR,Hasdeo_Dataset_300/GeoTIFF/monthly,Hasdeo_Dataset_300/JPEG/monthly,10,EPSG:32644,"B2,B3,B4,B8,B8A,B11,B12,SCL,NDVI,NDWI,NBR,EVI","B4,B3,B2 (RGB visualised)",2026-02-21T03:36:18.815105
MON_Hasdeo_Core_2018_01_first_event,Hasdeo_Core,monthly,first_event,2018-01-01,2018-02-01,16,SQU2GLLUZTZZTP4D4TAK2F6B,JJTV4LV7SMU2G5SCBAYNAOZO,Hasdeo_Dataset_300/GeoTIFF/monthly,Hasdeo_Dataset_300/JPEG/monthly,10,EPSG:32644,"B2,B3,B4,B8,B8A,B11,B12,SCL,NDVI,NDWI,NBR,EVI","B4,B3,B2 (RGB visualised)",2026-02-21T03:36:23.517120
MON_Hasdeo_Core_2018_02_first_event,Hasdeo_Core,monthly,first_event,2018-02-01,2018-03-01,3,JGWATICTZLEDTMLWSKYTWDJ3,DQRFHTJHBIALVUM3OM7HHULC,Hasdeo_Dataset_300/GeoTIFF/monthly,Hasdeo_Dataset_300/JPEG/monthly,10,EPSG:32644,"B2,B3,B4,B8,B8A,B11,B12,SCL,NDVI,NDWI,NBR,EVI","B4,B3,B2 (RGB visualised)",2026-02-21T03:36:25.880990
MON_Hasdeo_Core_2018_03_first_event,Hasdeo_Core,monthly,first_event,2018-03-01,2018-04-01,8,47RGSZJK5FEJ5O7LANLTSQIA,RFY3PSVUOQWILVJNSDGP6OGA,Hasdeo_Dataset_300/GeoTIFF/monthly,Hasdeo_Dataset_300/JPEG/monthly,10,EPSG:32644,"B2,B3,B4,B8,B8A,B11,B12,SCL,NDVI,NDWI,NBR,EVI","B4,B3,B2 (RGB visualised)",2026-02-21T03:36:28.236070
MON_Hasdeo_Core_2018_04_first_event,Hasdeo_Core,monthly,first_event,2018-04-01,2018-05-01,3,O72ZWBKBD7CFYOOCZ2ZUXWUV,YDPSCC6GHVEIQZML7F76KDFB,Hasdeo_Dataset_300/GeoTIFF/monthly,Hasdeo_Dataset_300/JPEG/monthly,10,EPSG:32644,"B2,B3,B4,B8,B8A,B11,B12,SCL,NDVI,NDWI,NBR,EVI","B4,B3,B2 (RGB visualised)",2026-02-21T03:36:30.899877
MON_Hasdeo_Core_2018_10_first_event,Hasdeo_Core,monthly,first_event,2018-10-01,2018-11-01,1,GPVX4ROUJXHYFM3XZFRWUKDG,EASPHAN7VH4WZ6ARHPSYNX2L,Hasdeo_Dataset_300/GeoTIFF/monthly,Hasdeo_Dataset_300/JPEG/monthly,10,EPSG:32644,"B2,B3,B4,B8,B8A,B11,B12,SCL,NDVI,NDWI,NBR,EVI","B4,B3,B2 (RGB visualised)",2026-02-21T03:36:44.172629
MON_Hasdeo_Core_2018_11_first_event,Hasdeo_Core,monthly,first_event,2018-11-01,2018-12-01,12,HWBSWVWAPDTWCBOZTF6SV67X,OLRF4ZQMIJ2TTV6E5MLH4AIZ,Hasdeo_Dataset_300/GeoTIFF/monthly,Hasdeo_Dataset_300/JPEG/monthly,10,EPSG:32644,"B2,B3,B4,B8,B8A,B11,B12,SCL,NDVI,NDWI,NBR,EVI","B4,B3,B2 (RGB visualised)",2026-02-21T03:36:47.283858
MON_Hasdeo_Core_2018_12_first_event,Hasdeo_Core,monthly,first_event,2018-12-01,2019-01-01,10,3576UW4P6EUKQVDTY7OPBGS6,T5ADEFADAUSTHEULT4AKKDY6,Hasdeo_Dataset_300/GeoTIFF/monthly,Hasdeo_Dataset_300/JPEG/monthly,10,EPSG:32644,"B2,B3,B4,B8,B8A,B11,B12,SCL,NDVI,NDWI,NBR,EVI","B4,B3,B2 (RGB visualised)",2026-02-21T03:36:49.433233
MON_Hasdeo_Core_2019_01_first_event,Hasdeo_Core,monthly,first_event,2019-01-01,2019-02-01,24,DQ6SKW65F4O2GZJSUV4SY6UH,7CJEB5BCSSSSHK7IPADK6KTG,Hasdeo_Dataset_300/GeoTIFF/monthly,Hasdeo_Dataset_300/JPEG/monthly,10,EPSG:32644,"B2,B3,B4,B8,B8A,B11,B12,SCL,NDVI,NDWI,NBR,EVI","B4,B3,B2 (RGB visualised)",2026-02-21T03:36:51.725746
MON_Hasdeo_Core_2019_02_first_event,Hasdeo_Core,monthly,first_event,2019-02-01,2019-03-01,15,BSON3GXDE7X34ZJYXCLCNB6H,GSQE3ZX2VZX6CDNQKYOYO7SM,Hasdeo_Dataset_300/GeoTIFF/monthly,Hasdeo_Dataset_300/JPEG/monthly,10,EPSG:32644,"B2,B3,B4,B8,B8A,B11,B12,SCL,NDVI,NDWI,NBR,EVI","B4,B3,B2 (RGB visualised)",2026-02-21T03:36:55.372309
MON_Hasdeo_Core_2019_03_first_event,Hasdeo_Core,monthly,first_event,2019-03-01,2019-04-01,22,2HBJ4ACDN2ROEQKVR4V3RJAG,2OXI3XV33BLR3HKZKNN3COIO,Hasdeo_Dataset_300/GeoTIFF/monthly,Hasdeo_Dataset_300/JPEG/monthly,10,EPSG:32644,"B2,B3,B4,B8,B8A,B11,B12,SCL,NDVI,NDWI,NBR,EVI","B4,B3,B2 (RGB visualised)",2026-02-21T03:36:59.570879
MON_Hasdeo_Core_2019_04_first_event,Hasdeo_Core,monthly,first_event,2019-04-01,2019-05-01,16,GIM3ISTQJMQ6JTDVRED4A7GN,JHY3TD6L3HUL7FXL6GXLFRKR,Hasdeo_Dataset_300/GeoTIFF/monthly,Hasdeo_Dataset_300/JPEG/monthly,10,EPSG:32644,"B2,B3,B4,B8,B8A,B11,B12,SCL,NDVI,NDWI,NBR,EVI","B4,B3,B2 (RGB visualised)",2026-02-21T03:37:01.721101
MON_Hasdeo_Core_2019_05_first_event,Hasdeo_Core,monthly,first_event,2019-05-01,2019-06-01,24,AMKHGU3CGECUXHXEGPCDBOYZ,755XLTLF3RXHYX3TEY5NYU6L,Hasdeo_Dataset_300/GeoTIFF/monthly,Hasdeo_Dataset_300/JPEG/monthly,10,EPSG:32644,"B2,B3,B4,B8,B8A,B11,B12,SCL,NDVI,NDWI,NBR,EVI","B4,B3,B2 (RGB visualised)",2026-02-21T03:37:03.873197
MON_Hasdeo_Core_2019_06_first_event,Hasdeo_Core,monthly,first_event,2019-06-01,2019-07-01,8,BIK7CPUEZZ4YONAUEXNQC4CI,PQILNJVNRXCYBXNKIICZNRVN,Hasdeo_Dataset_300/GeoTIFF/monthly,Hasdeo_Dataset_300/JPEG/monthly,10,EPSG:32644,"B2,B3,B4,B8,B8A,B11,B12,SCL,NDVI,NDWI,NBR,EVI","B4,B3,B2 (RGB visualised)",2026-02-21T03:37:06.736139
MON_Hasdeo_Core_2019_10_first_event,Hasdeo_Core,monthly,first_event,2019-10-01,2019-11-01,6,XMGVBQYR3PYEHDMVMCQH6JXD,QKDUCQOI2VLGUXC355F3JN3A,Hasdeo_Dataset_300/GeoTIFF/monthly,Hasdeo_Dataset_300/JPEG/monthly,10,EPSG:32644,"B2,B3,B4,B8,B8A,B11,B12,SCL,NDVI,NDWI,NBR,EVI","B4,B3,B2 (RGB visualised)",2026-02-21T03:37:14.523293
MON_Hasdeo_Core_2019_11_first_event,Hasdeo_Core,monthly,first_event,2019-11-01,2019-12-01,22,WZPT2CHIG2IWRT2ZUNOJVLBJ,EJHSVRL6HJ7ULW7ZS4OCQQOC,Hasdeo_Dataset_300/GeoTIFF/monthly,Hasdeo_Dataset_300/JPEG/monthly,10,EPSG:32644,"B2,B3,B4,B8,B8A,B11,B12,SCL,NDVI,NDWI,NBR,EVI","B4,B3,B2 (RGB visualised)",2026-02-21T03:37:17.595103
MON_Hasdeo_Core_2019_12_first_event,Hasdeo_Core,monthly,first_event,2019-12-01,2020-01-01,14,YMMHIHIVVMQ26ZTI566R4DMI,AQ5CGFJJEXAHUVBLI5BVAGPV,Hasdeo_Dataset_300/GeoTIFF/monthly,Hasdeo_Dataset_300/JPEG/monthly,10,EPSG:32644,"B2,B3,B4,B8,B8A,B11,B12,SCL,NDVI,NDWI,NBR,EVI","B4,B3,B2 (RGB visualised)",2026-02-21T03:37:20.078166
MON_Hasdeo_Core_2020_01_first_event,Hasdeo_Core,monthly,first_event,2020-01-01,2020-02-01,24,DP7WCVV3G2INSGIPUIF2KPAC,BWK2KGFXEW52VC73JZ5FKPAW,Hasdeo_Dataset_300/GeoTIFF/monthly,Hasdeo_Dataset_300/JPEG/monthly,10,EPSG:32644,"B2,B3,B4,B8,B8A,B11,B12,SCL,NDVI,NDWI,NBR,EVI","B4,B3,B2 (RGB visualised)",2026-02-21T03:37:22.201297
MON_Hasdeo_Core_2020_02_first_event,Hasdeo_Core,monthly,first_event,2020-02-01,2020-03-01,9,2YUSD7IKIAMAJCORREJE7WCC,YC33NY5TKUA7ZDCZHXVSKH4R,Hasdeo_Dataset_300/GeoTIFF/monthly,Hasdeo_Dataset_300/JPEG/monthly,10,EPSG:32644,"B2,B3,B4,B8,B8A,B11,B12,SCL,NDVI,NDWI,NBR,EVI","B4,B3,B2 (RGB visualised)",2026-02-21T03:37:25.201845
MON_Hasdeo_Core_2020_03_first_event,Hasdeo_Core,monthly,first_event,2020-03-01,2020-04-01,12,I73YEG4POO2EFEIRJOMMRZYT,DK2JPU2EUZIHOMUMVQVDS4BM,Hasdeo_Dataset_300/GeoTIFF/monthly,Hasdeo_Dataset_300/JPEG/monthly,10,EPSG:32644,"B2,B3,B4,B8,B8A,B11,B12,SCL,NDVI,NDWI,NBR,EVI","B4,B3,B2 (RGB visualised)",2026-02-21T03:37:29.062514
MON_Hasdeo_Core_2020_04_first_event,Hasdeo_Core,monthly,first_event,2020-04-01,2020-05-01,18,53FJUIGOVBRPTSXHXCVJWSUW,EYOSL2V4G6CKN66PWBOHHVON,Hasdeo_Dataset_300/GeoTIFF/monthly,Hasdeo_Dataset_300/JPEG/monthly,10,EPSG:32644,"B2,B3,B4,B8,B8A,B11,B12,SCL,NDVI,NDWI,NBR,EVI","B4,B3,B2 (RGB visualised)",2026-02-21T03:37:36.742266
MON_Hasdeo_Core_2020_05_first_event,Hasdeo_Core,monthly,first_event,2020-05-01,2020-06-01,12,JO6LUEPXFAEBATT7TW5N6W4Z,FZCXDHU7QCEX5XOF5YOXWGWU,Hasdeo_Dataset_300/GeoTIFF/monthly,Hasdeo_Dataset_300/JPEG/monthly,10,EPSG:32644,"B2,B3,B4,B8,B8A,B11,B12,SCL,NDVI,NDWI,NBR,EVI","B4,B3,B2 (RGB visualised)",2026-02-21T03:37:39.226909
MON_Hasdeo_Core_2020_06_first_event,Hasdeo_Core,monthly,first_event,2020-06-01,2020-07-01,4,FYJYWSSHCJQ4OQT7QS3A6T5T,RXS4HDGMAWECRZ76XXKFHJR2,Hasdeo_Dataset_300/GeoTIFF/monthly,Hasdeo_Dataset_300/JPEG/monthly,10,EPSG:32644,"B2,B3,B4,B8,B8A,B11,B12,SCL,NDVI,NDWI,NBR,EVI","B4,B3,B2 (RGB visualised)",2026-02-21T03:37:43.091698
MON_Hasdeo_Core_2020_09_first_event,Hasdeo_Core,monthly,first_event,2020-09-01,2020-10-01,4,NU345FZ36UJRHURUG4YW42Z7,TLDVSZ3GJU236YJGIX4AYRAD,Hasdeo_Dataset_300/GeoTIFF/monthly,Hasdeo_Dataset_300/JPEG/monthly,10,EPSG:32644,"B2,B3,B4,B8,B8A,B11,B12,SCL,NDVI,NDWI,NBR,EVI","B4,B3,B2 (RGB visualised)",2026-02-21T03:37:48.213436
MON_Hasdeo_Core_2020_10_first_event,Hasdeo_Core,monthly,first_event,2020-10-01,2020-11-01,7,YJXMSLORBK3HKKDJYIW7HE6H,RNN2ZQ3H4ALK4TQLC4256Y2I,Hasdeo_Dataset_300/GeoTIFF/monthly,Hasdeo_Dataset_300/JPEG/monthly,10,EPSG:32644,"B2,B3,B4,B8,B8A,B11,B12,SCL,NDVI,NDWI,NBR,EVI","B4,B3,B2 (RGB visualised)",2026-02-21T03:37:50.976346
MON_Hasdeo_Core_2020_11_first_event,Hasdeo_Core,monthly,first_event,2020-11-01,2020-12-01,16,UCNBV3FPUOEX2IOS7MADRCMF,QDIA3YFF23F7SHYCKLORONMH,Hasdeo_Dataset_300/GeoTIFF/monthly,Hasdeo_Dataset_300/JPEG/monthly,10,EPSG:32644,"B2,B3,B4,B8,B8A,B11,B12,SCL,NDVI,NDWI,NBR,EVI","B4,B3,B2 (RGB visualised)",2026-02-21T03:37:53.331440
MON_Hasdeo_Core_2020_12_first_event,Hasdeo_Core,monthly,first_event,2020-12-01,2021-01-01,25,2K4YDH6E65AP6S44AG5VWY3H,I4GNV6JQC2GIXQWQ6QXEFFWH,Hasdeo_Dataset_300/GeoTIFF/monthly,Hasdeo_Dataset_300/JPEG/monthly,10,EPSG:32644,"B2,B3,B4,B8,B8A,B11,B12,SCL,NDVI,NDWI,NBR,EVI","B4,B3,B2 (RGB visualised)",2026-02-21T03:37:56.508169
MON_Hasdeo_Core_2021_01_first_event,Hasdeo_Core,monthly,first_event,2021-01-01,2021-02-01,20,ADZNBULJX26FUAUFRSVJB7SH,5TL4NGXJKA7QJOQ6S6TJVPNN,Hasdeo_Dataset_300/GeoTIFF/monthly,Hasdeo_Dataset_300/JPEG/monthly,10,EPSG:32644,"B2,B3,B4,B8,B8A,B11,B12,SCL,NDVI,NDWI,NBR,EVI","B4,B3,B2 (RGB visualised)",2026-02-21T03:38:00.306105
MON_Hasdeo_Core_2021_02_first_event,Hasdeo_Core,monthly,first_event,2021-02-01,2021-03-01,18,R52EU4BKM2LPLM5GAWU6YA6U,DB65JERVZXZL5EOUVGA7HTWO,Hasdeo_Dataset_300/GeoTIFF/monthly,Hasdeo_Dataset_300/JPEG/monthly,10,EPSG:32644,"B2,B3,B4,B8,B8A,B11,B12,SCL,NDVI,NDWI,NBR,EVI","B4,B3,B2 (RGB visualised)",2026-02-21T03:38:02.582249
MON_Hasdeo_Core_2021_03_first_event,Hasdeo_Core,monthly,first_event,2021-03-01,2021-04-01,24,RAOCJHC7QE5KMBPR6CHBJLR6,G7SDGDTSU7NVZTSIV5T2LWS3,Hasdeo_Dataset_300/GeoTIFF/monthly,Hasdeo_Dataset_300/JPEG/monthly,10,EPSG:32644,"B2,B3,B4,B8,B8A,B11,B12,SCL,NDVI,NDWI,NBR,EVI","B4,B3,B2 (RGB visualised)",2026-02-21T03:38:08.179368
MON_Hasdeo_Core_2021_04_first_event,Hasdeo_Core,monthly,first_event,2021-04-01,2021-05-01,20,BCUW2DT3N7Y562VCPTQ4Y5WM,CZFUFMUUTWA6MRGVYXN6JEFP,Hasdeo_Dataset_300/GeoTIFF/monthly,Hasdeo_Dataset_300/JPEG/monthly,10,EPSG:32644,"B2,B3,B4,B8,B8A,B11,B12,SCL,NDVI,NDWI,NBR,EVI","B4,B3,B2 (RGB visualised)",2026-02-21T03:38:10.431762
MON_Hasdeo_Core_2021_05_first_event,Hasdeo_Core,monthly,first_event,2021-05-01,2021-06-01,6,5AL4XGSV6RUR5NKXX4JAINGH,KOYZAA4DVRMA76I27FZN6LHK,Hasdeo_Dataset_300/GeoTIFF/monthly,Hasdeo_Dataset_300/JPEG/monthly,10,EPSG:32644,"B2,B3,B4,B8,B8A,B11,B12,SCL,NDVI,NDWI,NBR,EVI","B4,B3,B2 (RGB visualised)",2026-02-21T03:38:13.709814
MON_Hasdeo_Core_2021_06_first_event,Hasdeo_Core,monthly,first_event,2021-06-01,2021-07-01,2,4QP6ONTLUPPBTEAZ6C2OE3XR,PPFU7NEC57TF6W2X4MXHBD5H,Hasdeo_Dataset_300/GeoTIFF/monthly,Hasdeo_Dataset_300/JPEG/monthly,10,EPSG:32644,"B2,B3,B4,B8,B8A,B11,B12,SCL,NDVI,NDWI,NBR,EVI","B4,B3,B2 (RGB visualised)",2026-02-21T03:38:15.977414
MON_Hasdeo_Core_2021_07_first_event,Hasdeo_Core,monthly,first_event,2021-07-01,2021-08-01,1,PS5AINY7YMCTVFM3VVL4WSUK,DLXBHPPJPQ56IQPHJ7O2JFUY,Hasdeo_Dataset_300/GeoTIFF/monthly,Hasdeo_Dataset_300/JPEG/monthly,10,EPSG:32644,"B2,B3,B4,B8,B8A,B11,B12,SCL,NDVI,NDWI,NBR,EVI","B4,B3,B2 (RGB visualised)",2026-02-21T03:38:18.216821
MON_Hasdeo_Core_2021_08_first_event,Hasdeo_Core,monthly,first_event,2021-08-01,2021-09-01,1,SD4TBT3PQP3WLG6YR6DLCFLG,2R64FPE6IYQKBHHIBPV2YZN3,Hasdeo_Dataset_300/GeoTIFF/monthly,Hasdeo_Dataset_300/JPEG/monthly,10,EPSG:32644,"B2,B3,B4,B8,B8A,B11,B12,SCL,NDVI,NDWI,NBR,EVI","B4,B3,B2 (RGB visualised)",2026-02-21T03:38:20.980035
MON_Hasdeo_Core_2021_10_first_event,Hasdeo_Core,monthly,first_event,2021-10-01,2021-11-01,16,FL45IHPOJRJG5EKU27FJQQS4,FJU4IRBOGUY4FDVDYSGHJT5L,Hasdeo_Dataset_300/GeoTIFF/monthly,Hasdeo_Dataset_300/JPEG/monthly,10,EPSG:32644,"B2,B3,B4,B8,B8A,B11,B12,SCL,NDVI,NDWI,NBR,EVI","B4,B3,B2 (RGB visualised)",2026-02-21T03:38:30.909962
MON_Hasdeo_Core_2021_11_first_event,Hasdeo_Core,monthly,first_event,2021-11-01,2021-12-01,15,7EA3NQYDPUEDOPHSG3FBLOBW,QU7KWMCZZGKQC3UGANWFZYKT,Hasdeo_Dataset_300/GeoTIFF/monthly,Hasdeo_Dataset_300/JPEG/monthly,10,EPSG:32644,"B2,B3,B4,B8,B8A,B11,B12,SCL,NDVI,NDWI,NBR,EVI","B4,B3,B2 (RGB visualised)",2026-02-21T03:38:33.678966
MON_Hasdeo_Core_2021_12_first_event,Hasdeo_Core,monthly,first_event,2021-12-01,2022-01-01,23,GANV74KSWKL7SLTE5BE72ED7,FPOFOXL64MVYN3VTMEUYSKNG,Hasdeo_Dataset_300/GeoTIFF/monthly,Hasdeo_Dataset_300/JPEG/monthly,10,EPSG:32644,"B2,B3,B4,B8,B8A,B11,B12,SCL,NDVI,NDWI,NBR,EVI","B4,B3,B2 (RGB visualised)",2026-02-21T03:38:35.930224
MON_Hasdeo_Core_2022_01_first_event,Hasdeo_Core,monthly,first_event,2022-01-01,2022-02-01,13,HTH6CP6XYLLIN5UUEWUQFUVQ,QVGMN5LD7JKLLSU77JZJGCPW,Hasdeo_Dataset_300/GeoTIFF/monthly,Hasdeo_Dataset_300/JPEG/monthly,10,EPSG:32644,"B2,B3,B4,B8,B8A,B11,B12,SCL,NDVI,NDWI,NBR,EVI","B4,B3,B2 (RGB visualised)",2026-02-21T03:38:38.387908
MON_Hasdeo_Core_2022_02_first_event,Hasdeo_Core,monthly,first_event,2022-02-01,2022-03-01,16,NTFWQ6ZN6POXFFDOYMQEXKOH,OP24ILPAN5P6VBQ4CVCVHSHV,Hasdeo_Dataset_300/GeoTIFF/monthly,Hasdeo_Dataset_300/JPEG/monthly,10,EPSG:32644,"B2,B3,B4,B8,B8A,B11,B12,SCL,NDVI,NDWI,NBR,EVI","B4,B3,B2 (RGB visualised)",2026-02-21T03:38:40.743095
MON_Hasdeo_Core_2022_03_second_event,Hasdeo_Core,monthly,second_event,2022-03-01,2022-04-01,25,QCA64PG6QNCCCL7G66C7AB73,OHK5RKIWGHIH4RJWNSCSGVXU,Hasdeo_Dataset_300/GeoTIFF/monthly,Hasdeo_Dataset_300/JPEG/monthly,10,EPSG:32644,"B2,B3,B4,B8,B8A,B11,B12,SCL,NDVI,NDWI,NBR,EVI","B4,B3,B2 (RGB visualised)",2026-02-21T03:38:45.218485
MON_Hasdeo_Core_2022_04_second_event,Hasdeo_Core,monthly,second_event,2022-04-01,2022-05-01,21,VYO6P7U2AQNGKK2LO3E2SABI,MU6ICCL7L52537AOOIBQM24T,Hasdeo_Dataset_300/GeoTIFF/monthly,Hasdeo_Dataset_300/JPEG/monthly,10,EPSG:32644,"B2,B3,B4,B8,B8A,B11,B12,SCL,NDVI,NDWI,NBR,EVI","B4,B3,B2 (RGB visualised)",2026-02-21T03:38:47.502562
MON_Hasdeo_Core_2022_05_first_event,Hasdeo_Core,monthly,first_event,2022-05-01,2022-06-01,17,PWR2UYQV2S2MZ2H557TDWFKC,2WRDFIY36NFKMQFEMQKUALCR,Hasdeo_Dataset_300/GeoTIFF/monthly,Hasdeo_Dataset_300/JPEG/monthly,10,EPSG:32644,"B2,B3,B4,B8,B8A,B11,B12,SCL,NDVI,NDWI,NBR,EVI","B4,B3,B2 (RGB visualised)",2026-02-21T03:38:50.058392
MON_Hasdeo_Core_2022_06_first_event,Hasdeo_Core,monthly,first_event,2022-06-01,2022-07-01,3,5AMFPGBOBKEKV46GVLQ6ITED,AKH5GQLNMJCB3XPVH5GTQICS,Hasdeo_Dataset_300/GeoTIFF/monthly,Hasdeo_Dataset_300/JPEG/monthly,10,EPSG:32644,"B2,B3,B4,B8,B8A,B11,B12,SCL,NDVI,NDWI,NBR,EVI","B4,B3,B2 (RGB visualised)",2026-02-21T03:38:52.519164
MON_Hasdeo_Core_2022_10_first_event,Hasdeo_Core,monthly,first_event,2022-10-01,2022-11-01,10,VOCDV2I5TKSXZOZL7BIRZWJQ,BCTZZO4BFAAGET567332Z3SF,Hasdeo_Dataset_300/GeoTIFF/monthly,Hasdeo_Dataset_300/JPEG/monthly,10,EPSG:32644,"B2,B3,B4,B8,B8A,B11,B12,SCL,NDVI,NDWI,NBR,EVI","B4,B3,B2 (RGB visualised)",2026-02-21T03:39:00.608583
MON_Hasdeo_Core_2022_11_first_event,Hasdeo_Core,monthly,first_event,2022-11-01,2022-12-01,22,ZIARDLXHOCQFH5KLEY5YQG4L,XOTU2AZLJFCW5GMZNY2C2IVS,Hasdeo_Dataset_300/GeoTIFF/monthly,Hasdeo_Dataset_300/JPEG/monthly,10,EPSG:32644,"B2,B3,B4,B8,B8A,B11,B12,SCL,NDVI,NDWI,NBR,EVI","B4,B3,B2 (RGB visualised)",2026-02-21T03:39:06.241980
MON_Hasdeo_Core_2022_12_first_event,Hasdeo_Core,monthly,first_event,2022-12-01,2023-01-01,23,DMWFMSRMQGRXEIRCYWICOWWC,IMEUIONQBVN3O6G6WKSCNDJM,Hasdeo_Dataset_300/GeoTIFF/monthly,Hasdeo_Dataset_300/JPEG/monthly,10,EPSG:32644,"B2,B3,B4,B8,B8A,B11,B12,SCL,NDVI,NDWI,NBR,EVI","B4,B3,B2 (RGB visualised)",2026-02-21T03:39:09.005807
MON_Hasdeo_Core_2023_01_first_event,Hasdeo_Core,monthly,first_event,2023-01-01,2023-02-01,20,JJITJTFEHECEFIGWAGLKSOWR,UN63VJGXVBIE5QCDZE4CWL74,Hasdeo_Dataset_300/GeoTIFF/monthly,Hasdeo_Dataset_300/JPEG/monthly,10,EPSG:32644,"B2,B3,B4,B8,B8A,B11,B12,SCL,NDVI,NDWI,NBR,EVI","B4,B3,B2 (RGB visualised)",2026-02-21T03:39:13.511182
MON_Hasdeo_Core_2023_02_first_event,Hasdeo_Core,monthly,first_event,2023-02-01,2023-03-01,20,YN52LLG4Z5JT3CF6MWZQPUUO,AE7XLGGQF6R75LKN7MIHRLZF,Hasdeo_Dataset_300/GeoTIFF/monthly,Hasdeo_Dataset_300/JPEG/monthly,10,EPSG:32644,"B2,B3,B4,B8,B8A,B11,B12,SCL,NDVI,NDWI,NBR,EVI","B4,B3,B2 (RGB visualised)",2026-02-21T03:39:16.071515
MON_Hasdeo_Core_2023_03_first_event,Hasdeo_Core,monthly,first_event,2023-03-01,2023-04-01,20,ONVOONEXQLI72O7BN5TJLBG2,YDMRTCZSNQILVCW57QZTC7DZ,Hasdeo_Dataset_300/GeoTIFF/monthly,Hasdeo_Dataset_300/JPEG/monthly,10,EPSG:32644,"B2,B3,B4,B8,B8A,B11,B12,SCL,NDVI,NDWI,NBR,EVI","B4,B3,B2 (RGB visualised)",2026-02-21T03:39:18.835984
MON_Hasdeo_Core_2023_04_first_event,Hasdeo_Core,monthly,first_event,2023-04-01,2023-05-01,3,2YA3LCVPSNMHTJOP54VUS2ZN,RLLMIFI755MT62R22RBKLPZS,Hasdeo_Dataset_300/GeoTIFF/monthly,Hasdeo_Dataset_300/JPEG/monthly,10,EPSG:32644,"B2,B3,B4,B8,B8A,B11,B12,SCL,NDVI,NDWI,NBR,EVI","B4,B3,B2 (RGB visualised)",2026-02-21T03:39:22.010468
MON_Hasdeo_Core_2023_05_first_event,Hasdeo_Core,monthly,first_event,2023-05-01,2023-06-01,17,YGVQAVVXYC26XN4LD55IMCO7,M3237ZCDQNBLRS77HOYUBPE7,Hasdeo_Dataset_300/GeoTIFF/monthly,Hasdeo_Dataset_300/JPEG/monthly,10,EPSG:32644,"B2,B3,B4,B8,B8A,B11,B12,SCL,NDVI,NDWI,NBR,EVI","B4,B3,B2 (RGB visualised)",2026-02-21T03:39:24.779322
MON_Hasdeo_Core_2023_06_first_event,Hasdeo_Core,monthly,first_event,2023-06-01,2023-07-01,4,FD5Q4UIJSH77EMULBXXK6XAG,JAGYY7IB3E2DMK3M5LHUZBOR,Hasdeo_Dataset_300/GeoTIFF/monthly,Hasdeo_Dataset_300/JPEG/monthly,10,EPSG:32644,"B2,B3,B4,B8,B8A,B11,B12,SCL,NDVI,NDWI,NBR,EVI","B4,B3,B2 (RGB visualised)",2026-02-21T03:39:26.998301
MON_Hasdeo_Core_2023_08_first_event,Hasdeo_Core,monthly,first_event,2023-08-01,2023-09-01,1,D6VRNWAAO4YZNOM4AYK4M6KH,BQ2LIYPHMINEVIFF5OU62JRI,Hasdeo_Dataset_300/GeoTIFF/monthly,Hasdeo_Dataset_300/JPEG/monthly,10,EPSG:32644,"B2,B3,B4,B8,B8A,B11,B12,SCL,NDVI,NDWI,NBR,EVI","B4,B3,B2 (RGB visualised)",2026-02-21T03:39:32.764500
MON_Hasdeo_Core_2023_10_first_event,Hasdeo_Core,monthly,first_event,2023-10-01,2023-11-01,17,5JCOQWB7Q4YWI2YB7N53YK7J,HL3B6W7SAISGQMK5BR4CGPK4,Hasdeo_Dataset_300/GeoTIFF/monthly,Hasdeo_Dataset_300/JPEG/monthly,10,EPSG:32644,"B2,B3,B4,B8,B8A,B11,B12,SCL,NDVI,NDWI,NBR,EVI","B4,B3,B2 (RGB visualised)",2026-02-21T03:39:36.962956
MON_Hasdeo_Core_2023_11_first_event,Hasdeo_Core,monthly,first_event,2023-11-01,2023-12-01,22,JNXWGMNVA4EUKXFZXZPMXRW2,OAB4TKYHU74LL6ZYSX3XVAVR,Hasdeo_Dataset_300/GeoTIFF/monthly,Hasdeo_Dataset_300/JPEG/monthly,10,EPSG:32644,"B2,B3,B4,B8,B8A,B11,B12,SCL,NDVI,NDWI,NBR,EVI","B4,B3,B2 (RGB visualised)",2026-02-21T03:39:40.467173
MON_Hasdeo_Core_2023_12_first_event,Hasdeo_Core,monthly,first_event,2023-12-01,2024-01-01,18,MDULZUNXQ6AFG7PPHT2IE7BL,6QVSOONMT5VZISM5P2LY5LYM,Hasdeo_Dataset_300/GeoTIFF/monthly,Hasdeo_Dataset_300/JPEG/monthly,10,EPSG:32644,"B2,B3,B4,B8,B8A,B11,B12,SCL,NDVI,NDWI,NBR,EVI","B4,B3,B2 (RGB visualised)",2026-02-21T03:39:47.953848
SEAS_DRY_Hasdeo_Full_2018_first_event,Hasdeo_Full,seasonal_dry,first_event,2018-11-01,2019-04-30,99,PYIANN6GOXFMGGJOZRQYU32Z,6U6PAGFFDY5QL7PGUMLCQVR6,Hasdeo_Dataset_300/GeoTIFF/seasonal_dry,Hasdeo_Dataset_300/JPEG/seasonal_dry,10,EPSG:32644,"B2,B3,B4,B8,B8A,B11,B12,SCL,NDVI,NDWI,NBR,EVI","B4,B3,B2 (RGB visualised)",2026-02-21T03:39:50.377701
SEAS_WET_Hasdeo_Full_2018_first_event,Hasdeo_Full,seasonal_wet,first_event,2018-05-01,2018-10-31,1,VJEBQ23KXZZL2KNDND7FKZKV,K3TEYQAX7EVFICST77PVZ3B4,Hasdeo_Dataset_300/GeoTIFF/seasonal_wet,Hasdeo_Dataset_300/JPEG/seasonal_wet,10,EPSG:32644,"B2,B3,B4,B8,B8A,B11,B12,SCL,NDVI,NDWI,NBR,EVI","B4,B3,B2 (RGB visualised)",2026-02-21T03:39:53.085582
SEAS_DRY_Hasdeo_Full_2019_first_event,Hasdeo_Full,seasonal_dry,first_event,2019-11-01,2020-04-30,95,NRB342N6A5QJ3II4BU2DQSNB,IWPOU5Y5OFIEHOVSKWODGVZQ,Hasdeo_Dataset_300/GeoTIFF/seasonal_dry,Hasdeo_Dataset_300/JPEG/seasonal_dry,10,EPSG:32644,"B2,B3,B4,B8,B8A,B11,B12,SCL,NDVI,NDWI,NBR,EVI","B4,B3,B2 (RGB visualised)",2026-02-21T03:39:55.495610
SEAS_WET_Hasdeo_Full_2019_first_event,Hasdeo_Full,seasonal_wet,first_event,2019-05-01,2019-10-31,38,MEUFRGIKCFE73JXWDSFL33VD,VWQJN4QNGULKM75DU5SUAUWU,Hasdeo_Dataset_300/GeoTIFF/seasonal_wet,Hasdeo_Dataset_300/JPEG/seasonal_wet,10,EPSG:32644,"B2,B3,B4,B8,B8A,B11,B12,SCL,NDVI,NDWI,NBR,EVI","B4,B3,B2 (RGB visualised)",2026-02-21T03:39:57.851666
SEAS_DRY_Hasdeo_Full_2020_first_event,Hasdeo_Full,seasonal_dry,first_event,2020-11-01,2021-04-30,121,QX2LNQ2GB63QKWXGEYIZRRKN,QWWFRVXMH3YPJXWEQSEXIEPM,Hasdeo_Dataset_300/GeoTIFF/seasonal_dry,Hasdeo_Dataset_300/JPEG/seasonal_dry,10,EPSG:32644,"B2,B3,B4,B8,B8A,B11,B12,SCL,NDVI,NDWI,NBR,EVI","B4,B3,B2 (RGB visualised)",2026-02-21T03:40:02.151994
SEAS_WET_Hasdeo_Full_2020_first_event,Hasdeo_Full,seasonal_wet,first_event,2020-05-01,2020-10-31,27,JRSPRYXI7QICDSGXCRNQZJGM,A44LLWVJOJHVPKFXOI3RR33C,Hasdeo_Dataset_300/GeoTIFF/seasonal_wet,Hasdeo_Dataset_300/JPEG/seasonal_wet,10,EPSG:32644,"B2,B3,B4,B8,B8A,B11,B12,SCL,NDVI,NDWI,NBR,EVI","B4,B3,B2 (RGB visualised)",2026-02-21T03:40:05.326045
SEAS_DRY_Hasdeo_Full_2021_first_event,Hasdeo_Full,seasonal_dry,first_event,2021-11-01,2022-04-30,109,G3YAMLRPM6R4BLJSQLVUM4N6,UZNM5AFB556YROLQIXSTE2XR,Hasdeo_Dataset_300/GeoTIFF/seasonal_dry,Hasdeo_Dataset_300/JPEG/seasonal_dry,10,EPSG:32644,"B2,B3,B4,B8,B8A,B11,B12,SCL,NDVI,NDWI,NBR,EVI","B4,B3,B2 (RGB visualised)",2026-02-21T03:40:07.545493
SEAS_WET_Hasdeo_Full_2021_first_event,Hasdeo_Full,seasonal_wet,first_event,2021-05-01,2021-10-31,26,HPSSUZASVF5JFVZF7CTIQBSG,FLZ7JE7DFKKJT4E7UZ5Q6VZP,Hasdeo_Dataset_300/GeoTIFF/seasonal_wet,Hasdeo_Dataset_300/JPEG/seasonal_wet,10,EPSG:32644,"B2,B3,B4,B8,B8A,B11,B12,SCL,NDVI,NDWI,NBR,EVI","B4,B3,B2 (RGB visualised)",2026-02-21T03:40:09.524710
SEAS_DRY_Hasdeo_Full_2022_second_event,Hasdeo_Full,seasonal_dry,second_event,2022-11-01,2023-04-30,108,RCMKHSJ7NG5QU4NXLRGGZV7A,E4YO6SL4ZP3JUQNLPOUQ6BNR,Hasdeo_Dataset_300/GeoTIFF/seasonal_dry,Hasdeo_Dataset_300/JPEG/seasonal_dry,10,EPSG:32644,"B2,B3,B4,B8,B8A,B11,B12,SCL,NDVI,NDWI,NBR,EVI","B4,B3,B2 (RGB visualised)",2026-02-21T03:40:13.211135
SEAS_WET_Hasdeo_Full_2022_first_event,Hasdeo_Full,seasonal_wet,first_event,2022-05-01,2022-10-31,30,IKM5JDMJHZ65BX6WV54S6Y3N,5BH553DPB7UUQZFPXZDIKB5V,Hasdeo_Dataset_300/GeoTIFF/seasonal_wet,Hasdeo_Dataset_300/JPEG/seasonal_wet,10,EPSG:32644,"B2,B3,B4,B8,B8A,B11,B12,SCL,NDVI,NDWI,NBR,EVI","B4,B3,B2 (RGB visualised)",2026-02-21T03:40:15.873730
SEAS_DRY_Hasdeo_Full_2023_first_event,Hasdeo_Full,seasonal_dry,first_event,2023-11-01,2024-04-30,111,3ZH6RFPEAPG3VGNGB6FNJS52,ESLJHNVZ7Y4WRMMEP3FVX556,Hasdeo_Dataset_300/GeoTIFF/seasonal_dry,Hasdeo_Dataset_300/JPEG/seasonal_dry,10,EPSG:32644,"B2,B3,B4,B8,B8A,B11,B12,SCL,NDVI,NDWI,NBR,EVI","B4,B3,B2 (RGB visualised)",2026-02-21T03:40:18.025450
SEAS_WET_Hasdeo_Full_2023_first_event,Hasdeo_Full,seasonal_wet,first_event,2023-05-01,2023-10-31,39,QQHWROSHJQKUSMNWE3EAQNE2,JW3JGHFJPRIHDNHHRUJED6CP,Hasdeo_Dataset_300/GeoTIFF/seasonal_wet,Hasdeo_Dataset_300/JPEG/seasonal_wet,10,EPSG:32644,"B2,B3,B4,B8,B8A,B11,B12,SCL,NDVI,NDWI,NBR,EVI","B4,B3,B2 (RGB visualised)",2026-02-21T03:40:20.417699
SEAS_DRY_Hasdeo_North_2018_first_event,Hasdeo_North,seasonal_dry,first_event,2018-11-01,2019-04-30,49,IPJRVAEUDKK5D4GUD47MVFJE,KNQXFNTYWRUUWLQR7LGD7JQ3,Hasdeo_Dataset_300/GeoTIFF/seasonal_dry,Hasdeo_Dataset_300/JPEG/seasonal_dry,10,EPSG:32644,"B2,B3,B4,B8,B8A,B11,B12,SCL,NDVI,NDWI,NBR,EVI","B4,B3,B2 (RGB visualised)",2026-02-21T03:40:23.348926
SEAS_WET_Hasdeo_North_2018_first_event,Hasdeo_North,seasonal_wet,first_event,2018-05-01,2018-10-31,1,4W74BTRONZWBHC2EHYFZEQUI,B2KEE4BIAAA6O5CZQVMUSUMG,Hasdeo_Dataset_300/GeoTIFF/seasonal_wet,Hasdeo_Dataset_300/JPEG/seasonal_wet,10,EPSG:32644,"B2,B3,B4,B8,B8A,B11,B12,SCL,NDVI,NDWI,NBR,EVI","B4,B3,B2 (RGB visualised)",2026-02-21T03:40:26.219801
SEAS_DRY_Hasdeo_North_2019_first_event,Hasdeo_North,seasonal_dry,first_event,2019-11-01,2020-04-30,46,SPQHNAHKEYFRYMWJG2FZB4UR,PPTQ67RAHY4QD4FIKPPM6IZD,Hasdeo_Dataset_300/GeoTIFF/seasonal_dry,Hasdeo_Dataset_300/JPEG/seasonal_dry,10,EPSG:32644,"B2,B3,B4,B8,B8A,B11,B12,SCL,NDVI,NDWI,NBR,EVI","B4,B3,B2 (RGB visualised)",2026-02-21T03:40:28.571715
SEAS_WET_Hasdeo_North_2019_first_event,Hasdeo_North,seasonal_wet,first_event,2019-05-01,2019-10-31,17,544DXWMDT6NBY3DQYRD2MX5B,IXJPJPMJEW7X5JAEXEZECXSH,Hasdeo_Dataset_300/GeoTIFF/seasonal_wet,Hasdeo_Dataset_300/JPEG/seasonal_wet,10,EPSG:32644,"B2,B3,B4,B8,B8A,B11,B12,SCL,NDVI,NDWI,NBR,EVI","B4,B3,B2 (RGB visualised)",2026-02-21T03:40:31.745748
SEAS_DRY_Hasdeo_North_2020_first_event,Hasdeo_North,seasonal_dry,first_event,2020-11-01,2021-04-30,59,65UR5Y2UIE6FO6GQSYMCV3FO,RGVLBSXR34QYHIVFLMYVH2RZ,Hasdeo_Dataset_300/GeoTIFF/seasonal_dry,Hasdeo_Dataset_300/JPEG/seasonal_dry,10,EPSG:32644,"B2,B3,B4,B8,B8A,B11,B12,SCL,NDVI,NDWI,NBR,EVI","B4,B3,B2 (RGB visualised)",2026-02-21T03:40:34.348208
SEAS_WET_Hasdeo_North_2020_first_event,Hasdeo_North,seasonal_wet,first_event,2020-05-01,2020-10-31,15,AWABIGUDN6RLCIPMZQMBPS5W,4PT5NITDPPYPLHQAB5TSBJIX,Hasdeo_Dataset_300/GeoTIFF/seasonal_wet,Hasdeo_Dataset_300/JPEG/seasonal_wet,10,EPSG:32644,"B2,B3,B4,B8,B8A,B11,B12,SCL,NDVI,NDWI,NBR,EVI","B4,B3,B2 (RGB visualised)",2026-02-21T03:40:36.685261
SEAS_DRY_Hasdeo_North_2021_first_event,Hasdeo_North,seasonal_dry,first_event,2021-11-01,2022-04-30,57,F55UFOEF46JC2QVNEICBAPU7,W5JLFWAPTSMHETWSW3NMTC7R,Hasdeo_Dataset_300/GeoTIFF/seasonal_dry,Hasdeo_Dataset_300/JPEG/seasonal_dry,10,EPSG:32644,"B2,B3,B4,B8,B8A,B11,B12,SCL,NDVI,NDWI,NBR,EVI","B4,B3,B2 (RGB visualised)",2026-02-21T03:40:39.528574
SEAS_WET_Hasdeo_North_2021_first_event,Hasdeo_North,seasonal_wet,first_event,2021-05-01,2021-10-31,14,YLZZ346XHIKYEZCB4GWUXZ74,4MD4SVYYOKISCYWQTGW36CP4,Hasdeo_Dataset_300/GeoTIFF/seasonal_wet,Hasdeo_Dataset_300/JPEG/seasonal_wet,10,EPSG:32644,"B2,B3,B4,B8,B8A,B11,B12,SCL,NDVI,NDWI,NBR,EVI","B4,B3,B2 (RGB visualised)",2026-02-21T03:40:41.883416
SEAS_DRY_Hasdeo_North_2022_second_event,Hasdeo_North,seasonal_dry,second_event,2022-11-01,2023-04-30,51,Q64HEOOUVN57LTSU7UABCN5O,GTU23TB2EHV23PEOTEXFFZQL,Hasdeo_Dataset_300/GeoTIFF/seasonal_dry,Hasdeo_Dataset_300/JPEG/seasonal_dry,10,EPSG:32644,"B2,B3,B4,B8,B8A,B11,B12,SCL,NDVI,NDWI,NBR,EVI","B4,B3,B2 (RGB visualised)",2026-02-21T03:40:45.774930
SEAS_WET_Hasdeo_North_2022_first_event,Hasdeo_North,seasonal_wet,first_event,2022-05-01,2022-10-31,14,Y4D6PDHLH7OI3RXT24C6BRJS,IYWQPVVYP6DOXGKTPLXW6CEX,Hasdeo_Dataset_300/GeoTIFF/seasonal_wet,Hasdeo_Dataset_300/JPEG/seasonal_wet,10,EPSG:32644,"B2,B3,B4,B8,B8A,B11,B12,SCL,NDVI,NDWI,NBR,EVI","B4,B3,B2 (RGB visualised)",2026-02-21T03:40:48.377954
SEAS_DRY_Hasdeo_North_2023_first_event,Hasdeo_North,seasonal_dry,first_event,2023-11-01,2024-04-30,53,TZ3CEGEIIVE5GF5YYKSL4MH2,7UBM7BLWUX566RM3VG3GFLBN,Hasdeo_Dataset_300/GeoTIFF/seasonal_dry,Hasdeo_Dataset_300/JPEG/seasonal_dry,10,EPSG:32644,"B2,B3,B4,B8,B8A,B11,B12,SCL,NDVI,NDWI,NBR,EVI","B4,B3,B2 (RGB visualised)",2026-02-21T03:40:51.181292
SEAS_WET_Hasdeo_North_2023_first_event,Hasdeo_North,seasonal_wet,first_event,2023-05-01,2023-10-31,17,5IOPVIRIZSNDYU7YCFILWBUV,UV7TK3QEPRH7FGN3HHNAAT5Z,Hasdeo_Dataset_300/GeoTIFF/seasonal_wet,Hasdeo_Dataset_300/JPEG/seasonal_wet,10,EPSG:32644,"B2,B3,B4,B8,B8A,B11,B12,SCL,NDVI,NDWI,NBR,EVI","B4,B3,B2 (RGB visualised)",2026-02-21T03:40:56.322294
SEAS_DRY_Hasdeo_South_2018_first_event,Hasdeo_South,seasonal_dry,first_event,2018-11-01,2019-04-30,99,NOVCNLW2JTGKS4ZASX5GNUDT,UGQOAAIP7UPV4OPKL2ES6JNX,Hasdeo_Dataset_300/GeoTIFF/seasonal_dry,Hasdeo_Dataset_300/JPEG/seasonal_dry,10,EPSG:32644,"B2,B3,B4,B8,B8A,B11,B12,SCL,NDVI,NDWI,NBR,EVI","B4,B3,B2 (RGB visualised)",2026-02-21T03:40:58.881843
SEAS_WET_Hasdeo_South_2018_first_event,Hasdeo_South,seasonal_wet,first_event,2018-05-01,2018-10-31,1,AM4PF2PSAMO3WEKFUVXQFEYW,HNGPOAEGAP4HI3EIQX422AMS,Hasdeo_Dataset_300/GeoTIFF/seasonal_wet,Hasdeo_Dataset_300/JPEG/seasonal_wet,10,EPSG:32644,"B2,B3,B4,B8,B8A,B11,B12,SCL,NDVI,NDWI,NBR,EVI","B4,B3,B2 (RGB visualised)",2026-02-21T03:41:01.544933
SEAS_DRY_Hasdeo_South_2019_first_event,Hasdeo_South,seasonal_dry,first_event,2019-11-01,2020-04-30,95,UYIPYMQVUI45EIAU4HMMNH7Y,DJE5AVJOQCYXE5S5QDNLR24E,Hasdeo_Dataset_300/GeoTIFF/seasonal_dry,Hasdeo_Dataset_300/JPEG/seasonal_dry,10,EPSG:32644,"B2,B3,B4,B8,B8A,B11,B12,SCL,NDVI,NDWI,NBR,EVI","B4,B3,B2 (RGB visualised)",2026-02-21T03:41:05.231539
SEAS_WET_Hasdeo_South_2019_first_event,Hasdeo_South,seasonal_wet,first_event,2019-05-01,2019-10-31,38,KKU34KE5CDCL7GB7AVLCIMXM,OKZGOLZHBHDWQMMCC6KL5AQO,Hasdeo_Dataset_300/GeoTIFF/seasonal_wet,Hasdeo_Dataset_300/JPEG/seasonal_wet,10,EPSG:32644,"B2,B3,B4,B8,B8A,B11,B12,SCL,NDVI,NDWI,NBR,EVI","B4,B3,B2 (RGB visualised)",2026-02-21T03:41:07.893269
SEAS_DRY_Hasdeo_South_2020_first_event,Hasdeo_South,seasonal_dry,first_event,2020-11-01,2021-04-30,121,ANQROPCW5M6H44VAW4XXZ3FP,KJ3HRWZA54KWRNKQOVEK6L6I,Hasdeo_Dataset_300/GeoTIFF/seasonal_dry,Hasdeo_Dataset_300/JPEG/seasonal_dry,10,EPSG:32644,"B2,B3,B4,B8,B8A,B11,B12,SCL,NDVI,NDWI,NBR,EVI","B4,B3,B2 (RGB visualised)",2026-02-21T03:41:10.863141
SEAS_WET_Hasdeo_South_2020_first_event,Hasdeo_South,seasonal_wet,first_event,2020-05-01,2020-10-31,27,JD75TXI7XRAP6N5CO5X33UQ6,O3SWNQ4AMVB5LUHH2VI6SZRI,Hasdeo_Dataset_300/GeoTIFF/seasonal_wet,Hasdeo_Dataset_300/JPEG/seasonal_wet,10,EPSG:32644,"B2,B3,B4,B8,B8A,B11,B12,SCL,NDVI,NDWI,NBR,EVI","B4,B3,B2 (RGB visualised)",2026-02-21T03:41:13.320626
SEAS_DRY_Hasdeo_South_2021_first_event,Hasdeo_South,seasonal_dry,first_event,2021-11-01,2022-04-30,109,5XRAWJXDIF5TA35DPHQUODMS,AOIMFMHBYGWDYEVHDDJS6BAH,Hasdeo_Dataset_300/GeoTIFF/seasonal_dry,Hasdeo_Dataset_300/JPEG/seasonal_dry,10,EPSG:32644,"B2,B3,B4,B8,B8A,B11,B12,SCL,NDVI,NDWI,NBR,EVI","B4,B3,B2 (RGB visualised)",2026-02-21T03:41:15.573628
SEAS_WET_Hasdeo_South_2021_first_event,Hasdeo_South,seasonal_wet,first_event,2021-05-01,2021-10-31,26,D64MCYXZ7HGLMAK27XOPFWF7,ONBR5MDHOTHOMOZNIVXTUD32,Hasdeo_Dataset_300/GeoTIFF/seasonal_wet,Hasdeo_Dataset_300/JPEG/seasonal_wet,10,EPSG:32644,"B2,B3,B4,B8,B8A,B11,B12,SCL,NDVI,NDWI,NBR,EVI","B4,B3,B2 (RGB visualised)",2026-02-21T03:41:19.033835
SEAS_DRY_Hasdeo_South_2022_second_event,Hasdeo_South,seasonal_dry,second_event,2022-11-01,2023-04-30,108,AOP5G6Y7MQX57PBK5RF52SUM,ZQ65QEY7OBULV6QOO2AWF4CD,Hasdeo_Dataset_300/GeoTIFF/seasonal_dry,Hasdeo_Dataset_300/JPEG/seasonal_dry,10,EPSG:32644,"B2,B3,B4,B8,B8A,B11,B12,SCL,NDVI,NDWI,NBR,EVI","B4,B3,B2 (RGB visualised)",2026-02-21T03:41:21.717371
SEAS_WET_Hasdeo_South_2022_first_event,Hasdeo_South,seasonal_wet,first_event,2022-05-01,2022-10-31,30,KE3FY2EBXAELAFFDFJ6YHS2J,HKP7Y7V4XONKISKNJSBNX4BL,Hasdeo_Dataset_300/GeoTIFF/seasonal_wet,Hasdeo_Dataset_300/JPEG/seasonal_wet,10,EPSG:32644,"B2,B3,B4,B8,B8A,B11,B12,SCL,NDVI,NDWI,NBR,EVI","B4,B3,B2 (RGB visualised)",2026-02-21T03:41:24.687332
SEAS_DRY_Hasdeo_South_2023_first_event,Hasdeo_South,seasonal_dry,first_event,2023-11-01,2024-04-30,111,ZUUUM5VAUPRNXDCY7RHL4TFM,TA2XZAT7QODF43HGFJWQAG6E,Hasdeo_Dataset_300/GeoTIFF/seasonal_dry,Hasdeo_Dataset_300/JPEG/seasonal_dry,10,EPSG:32644,"B2,B3,B4,B8,B8A,B11,B12,SCL,NDVI,NDWI,NBR,EVI","B4,B3,B2 (RGB visualised)",2026-02-21T03:41:26.941275
SEAS_WET_Hasdeo_South_2023_first_event,Hasdeo_South,seasonal_wet,first_event,2023-05-01,2023-10-31,39,TT7SDGROYIZ3D627F6DV3BBM,LQHCTYQROZX3WUXC7KBVMJVB,Hasdeo_Dataset_300/GeoTIFF/seasonal_wet,Hasdeo_Dataset_300/JPEG/seasonal_wet,10,EPSG:32644,"B2,B3,B4,B8,B8A,B11,B12,SCL,NDVI,NDWI,NBR,EVI","B4,B3,B2 (RGB visualised)",2026-02-21T03:41:31.386672
SEAS_DRY_Hasdeo_Core_2018_first_event,Hasdeo_Core,seasonal_dry,first_event,2018-11-01,2019-04-30,99,T7TS2WQMDA3XIT247U32CIJJ,LFEM4XZUXYDVDJOROMVYT7J3,Hasdeo_Dataset_300/GeoTIFF/seasonal_dry,Hasdeo_Dataset_300/JPEG/seasonal_dry,10,EPSG:32644,"B2,B3,B4,B8,B8A,B11,B12,SCL,NDVI,NDWI,NBR,EVI","B4,B3,B2 (RGB visualised)",2026-02-21T03:41:36.770707
SEAS_WET_Hasdeo_Core_2018_first_event,Hasdeo_Core,seasonal_wet,first_event,2018-05-01,2018-10-31,1,3W56QVWL2TKWF7VBBUHDU3UN,CEOSRS4O2AXWM32AX7MABNDY,Hasdeo_Dataset_300/GeoTIFF/seasonal_wet,Hasdeo_Dataset_300/JPEG/seasonal_wet,10,EPSG:32644,"B2,B3,B4,B8,B8A,B11,B12,SCL,NDVI,NDWI,NBR,EVI","B4,B3,B2 (RGB visualised)",2026-02-21T03:41:39.229479
SEAS_DRY_Hasdeo_Core_2019_first_event,Hasdeo_Core,seasonal_dry,first_event,2019-11-01,2020-04-30,95,JZZJJHPDFDCWNJJLVNIOFPSB,TJL7D7XMFG5JBHIAS4SVEL6Y,Hasdeo_Dataset_300/GeoTIFF/seasonal_dry,Hasdeo_Dataset_300/JPEG/seasonal_dry,10,EPSG:32644,"B2,B3,B4,B8,B8A,B11,B12,SCL,NDVI,NDWI,NBR,EVI","B4,B3,B2 (RGB visualised)",2026-02-21T03:41:42.404693
SEAS_WET_Hasdeo_Core_2019_first_event,Hasdeo_Core,seasonal_wet,first_event,2019-05-01,2019-10-31,38,TWDQK7SPAENOT55DSWURA77R,VW6GOUQQW35OIEVD2PSXSHJI,Hasdeo_Dataset_300/GeoTIFF/seasonal_wet,Hasdeo_Dataset_300/JPEG/seasonal_wet,10,EPSG:32644,"B2,B3,B4,B8,B8A,B11,B12,SCL,NDVI,NDWI,NBR,EVI","B4,B3,B2 (RGB visualised)",2026-02-21T03:41:45.113727
SEAS_DRY_Hasdeo_Core_2020_first_event,Hasdeo_Core,seasonal_dry,first_event,2020-11-01,2021-04-30,119,LGIJQ5HEZCIH4TAG52H5NY5O,K7QUN5TW23QQ7Q2COXEE3YAI,Hasdeo_Dataset_300/GeoTIFF/seasonal_dry,Hasdeo_Dataset_300/JPEG/seasonal_dry,10,EPSG:32644,"B2,B3,B4,B8,B8A,B11,B12,SCL,NDVI,NDWI,NBR,EVI","B4,B3,B2 (RGB visualised)",2026-02-21T03:41:48.443979
SEAS_WET_Hasdeo_Core_2020_first_event,Hasdeo_Core,seasonal_wet,first_event,2020-05-01,2020-10-31,27,J5F3DYQWEOGMFOSF2NVT7F4B,OCNS22BFUBC5J5JS7WHRHNPA,Hasdeo_Dataset_300/GeoTIFF/seasonal_wet,Hasdeo_Dataset_300/JPEG/seasonal_wet,10,EPSG:32644,"B2,B3,B4,B8,B8A,B11,B12,SCL,NDVI,NDWI,NBR,EVI","B4,B3,B2 (RGB visualised)",2026-02-21T03:41:50.597735
SEAS_DRY_Hasdeo_Core_2021_first_event,Hasdeo_Core,seasonal_dry,first_event,2021-11-01,2022-04-30,109,T3I6OBTI2CIQS67S7O6IBGJU,GYMBL6VUS56IH6PMY3C7OYRB,Hasdeo_Dataset_300/GeoTIFF/seasonal_dry,Hasdeo_Dataset_300/JPEG/seasonal_dry,10,EPSG:32644,"B2,B3,B4,B8,B8A,B11,B12,SCL,NDVI,NDWI,NBR,EVI","B4,B3,B2 (RGB visualised)",2026-02-21T03:41:53.020214
SEAS_WET_Hasdeo_Core_2021_first_event,Hasdeo_Core,seasonal_wet,first_event,2021-05-01,2021-10-31,26,NVBUHLZ5QI2BNHI6D6F36SL3,VQO4Q3P5CGRKRUIR7QYXOHTV,Hasdeo_Dataset_300/GeoTIFF/seasonal_wet,Hasdeo_Dataset_300/JPEG/seasonal_wet,10,EPSG:32644,"B2,B3,B4,B8,B8A,B11,B12,SCL,NDVI,NDWI,NBR,EVI","B4,B3,B2 (RGB visualised)",2026-02-21T03:41:55.102169
SEAS_DRY_Hasdeo_Core_2022_second_event,Hasdeo_Core,seasonal_dry,second_event,2022-11-01,2023-04-30,108,TRGHR2FG3VQMX2HPVU7YWZDP,LZMYA3KDEP5CKBT4MCWNXUOO,Hasdeo_Dataset_300/GeoTIFF/seasonal_dry,Hasdeo_Dataset_300/JPEG/seasonal_dry,10,EPSG:32644,"B2,B3,B4,B8,B8A,B11,B12,SCL,NDVI,NDWI,NBR,EVI","B4,B3,B2 (RGB visualised)",2026-02-21T03:41:57.967927
SEAS_WET_Hasdeo_Core_2022_first_event,Hasdeo_Core,seasonal_wet,first_event,2022-05-01,2022-10-31,30,BBBDQ5DHWZJ5ZWRCTJBUSP35,PJMFAX5FWILTA243H3TYD2OY,Hasdeo_Dataset_300/GeoTIFF/seasonal_wet,Hasdeo_Dataset_300/JPEG/seasonal_wet,10,EPSG:32644,"B2,B3,B4,B8,B8A,B11,B12,SCL,NDVI,NDWI,NBR,EVI","B4,B3,B2 (RGB visualised)",2026-02-21T03:42:00.131420
SEAS_DRY_Hasdeo_Core_2023_first_event,Hasdeo_Core,seasonal_dry,first_event,2023-11-01,2024-04-30,109,EI67JXNGXDOSNSD2BMC43EKL,NBR7VTQTW7Q5KVLK4FVX6QZP,Hasdeo_Dataset_300/GeoTIFF/seasonal_dry,Hasdeo_Dataset_300/JPEG/seasonal_dry,10,EPSG:32644,"B2,B3,B4,B8,B8A,B11,B12,SCL,NDVI,NDWI,NBR,EVI","B4,B3,B2 (RGB visualised)",2026-02-21T03:42:05.343486
SEAS_WET_Hasdeo_Core_2023_first_event,Hasdeo_Core,seasonal_wet,first_event,2023-05-01,2023-10-31,39,BEVQA4MBB74C4KDIGDDVLUK6,JRETXVXFQDSMAYNAEKZHLMH2,Hasdeo_Dataset_300/GeoTIFF/seasonal_wet,Hasdeo_Dataset_300/JPEG/seasonal_wet,10,EPSG:32644,"B2,B3,B4,B8,B8A,B11,B12,SCL,NDVI,NDWI,NBR,EVI","B4,B3,B2 (RGB visualised)",2026-02-21T03:42:09.538859
